BEGIN;

-- =========================================================
-- Production-ready schema for a college timetable generator
-- =========================================================

-- Drop in reverse dependency order
DROP TABLE IF EXISTS schedule;
DROP TABLE IF EXISTS schedule_conflicts_log;
DROP TABLE IF EXISTS schedule_generation_runs;
DROP TABLE IF EXISTS group_subject_load;
DROP TABLE IF EXISTS room_unavailability;
DROP TABLE IF EXISTS group_unavailability;
DROP TABLE IF EXISTS teacher_unavailability;
DROP TABLE IF EXISTS subject_room_type;
DROP TABLE IF EXISTS subject_lesson_types;
DROP TABLE IF EXISTS teacher_subjects;
DROP TABLE IF EXISTS teacher_load;
DROP TABLE IF EXISTS teacher_preferences;
DROP TABLE IF EXISTS rooms;
DROP TABLE IF EXISTS group_subgroups;
DROP TABLE IF EXISTS groups;
DROP TABLE IF EXISTS subjects;
DROP TABLE IF EXISTS teachers;
DROP TABLE IF EXISTS time_slots;
DROP TABLE IF EXISTS room_types;
DROP TABLE IF EXISTS lesson_types;
DROP TABLE IF EXISTS academic_periods;
DROP TABLE IF EXISTS specialties;
DROP TABLE IF EXISTS departments;

-- =========================================================
-- Reference catalogs
-- =========================================================

CREATE TABLE departments (
    id BIGINT GENERATED BY DEFAULT AS IDENTITY PRIMARY KEY,
    code VARCHAR(30) NOT NULL,
    name VARCHAR(200) NOT NULL,
    is_active BOOLEAN NOT NULL DEFAULT TRUE,
    created_at TIMESTAMPTZ NOT NULL DEFAULT NOW(),
    updated_at TIMESTAMPTZ NOT NULL DEFAULT NOW(),
    CONSTRAINT uq_departments_code UNIQUE (code),
    CONSTRAINT uq_departments_name UNIQUE (name),
    CONSTRAINT chk_departments_code_not_blank CHECK (BTRIM(code) <> ''),
    CONSTRAINT chk_departments_name_not_blank CHECK (BTRIM(name) <> '')
);

CREATE TABLE specialties (
    id BIGINT GENERATED BY DEFAULT AS IDENTITY PRIMARY KEY,
    department_id BIGINT NOT NULL REFERENCES departments(id) ON DELETE RESTRICT,
    code VARCHAR(30) NOT NULL,
    name VARCHAR(200) NOT NULL,
    qualification VARCHAR(100),
    is_active BOOLEAN NOT NULL DEFAULT TRUE,
    created_at TIMESTAMPTZ NOT NULL DEFAULT NOW(),
    updated_at TIMESTAMPTZ NOT NULL DEFAULT NOW(),
    CONSTRAINT uq_specialties_department_code UNIQUE (department_id, code),
    CONSTRAINT uq_specialties_department_name UNIQUE (department_id, name),
    CONSTRAINT chk_specialties_code_not_blank CHECK (BTRIM(code) <> ''),
    CONSTRAINT chk_specialties_name_not_blank CHECK (BTRIM(name) <> '')
);

CREATE TABLE academic_periods (
    id BIGINT GENERATED BY DEFAULT AS IDENTITY PRIMARY KEY,
    code VARCHAR(50) NOT NULL,
    name VARCHAR(200) NOT NULL,
    academic_year VARCHAR(20) NOT NULL,
    term_no SMALLINT NOT NULL,
    start_date DATE NOT NULL,
    end_date DATE NOT NULL,
    weeks_in_period NUMERIC(6,2) NOT NULL,
    is_active BOOLEAN NOT NULL DEFAULT TRUE,
    created_at TIMESTAMPTZ NOT NULL DEFAULT NOW(),
    updated_at TIMESTAMPTZ NOT NULL DEFAULT NOW(),
    CONSTRAINT uq_academic_periods_code UNIQUE (code),
    CONSTRAINT uq_academic_periods_year_term UNIQUE (academic_year, term_no),
    CONSTRAINT chk_academic_periods_code_not_blank CHECK (BTRIM(code) <> ''),
    CONSTRAINT chk_academic_periods_name_not_blank CHECK (BTRIM(name) <> ''),
    CONSTRAINT chk_academic_periods_dates CHECK (end_date >= start_date),
    CONSTRAINT chk_academic_periods_weeks CHECK (weeks_in_period > 0),
    CONSTRAINT chk_academic_periods_term CHECK (term_no BETWEEN 1 AND 12)
);

CREATE TABLE lesson_types (
    id BIGINT GENERATED BY DEFAULT AS IDENTITY PRIMARY KEY,
    code VARCHAR(20) NOT NULL,
    name VARCHAR(100) NOT NULL,
    is_lab BOOLEAN NOT NULL DEFAULT FALSE,
    requires_room_match BOOLEAN NOT NULL DEFAULT TRUE,
    is_active BOOLEAN NOT NULL DEFAULT TRUE,
    created_at TIMESTAMPTZ NOT NULL DEFAULT NOW(),
    CONSTRAINT uq_lesson_types_code UNIQUE (code),
    CONSTRAINT uq_lesson_types_name UNIQUE (name),
    CONSTRAINT chk_lesson_types_code_not_blank CHECK (BTRIM(code) <> ''),
    CONSTRAINT chk_lesson_types_name_not_blank CHECK (BTRIM(name) <> '')
);

CREATE TABLE room_types (
    id BIGINT GENERATED BY DEFAULT AS IDENTITY PRIMARY KEY,
    code VARCHAR(30) NOT NULL,
    name VARCHAR(100) NOT NULL,
    is_lab BOOLEAN NOT NULL DEFAULT FALSE,
    is_active BOOLEAN NOT NULL DEFAULT TRUE,
    notes TEXT,
    created_at TIMESTAMPTZ NOT NULL DEFAULT NOW(),
    CONSTRAINT uq_room_types_code UNIQUE (code),
    CONSTRAINT uq_room_types_name UNIQUE (name),
    CONSTRAINT chk_room_types_code_not_blank CHECK (BTRIM(code) <> ''),
    CONSTRAINT chk_room_types_name_not_blank CHECK (BTRIM(name) <> '')
);

CREATE TABLE time_slots (
    id BIGINT GENERATED BY DEFAULT AS IDENTITY PRIMARY KEY,
    day_of_week SMALLINT NOT NULL,
    slot_number SMALLINT NOT NULL,
    start_time TIME NOT NULL,
    end_time TIME NOT NULL,
    academic_hours NUMERIC(5,2) NOT NULL DEFAULT 2.00,
    is_active BOOLEAN NOT NULL DEFAULT TRUE,
    created_at TIMESTAMPTZ NOT NULL DEFAULT NOW(),
    CONSTRAINT uq_time_slots_day_slot UNIQUE (day_of_week, slot_number),
    CONSTRAINT uq_time_slots_day_time UNIQUE (day_of_week, start_time, end_time),
    CONSTRAINT chk_time_slots_day CHECK (day_of_week BETWEEN 1 AND 7),
    CONSTRAINT chk_time_slots_slot CHECK (slot_number BETWEEN 1 AND 12),
    CONSTRAINT chk_time_slots_time CHECK (end_time > start_time),
    CONSTRAINT chk_time_slots_academic_hours CHECK (academic_hours > 0)
);

-- =========================================================
-- Core entities
-- =========================================================

CREATE TABLE teachers (
    id BIGINT GENERATED BY DEFAULT AS IDENTITY PRIMARY KEY,
    employee_code VARCHAR(50),
    last_name VARCHAR(100) NOT NULL,
    first_name VARCHAR(100) NOT NULL,
    middle_name VARCHAR(100),
    is_active BOOLEAN NOT NULL DEFAULT TRUE,
    default_monthly_hour_limit NUMERIC(7,2),
    default_weekly_hour_limit NUMERIC(6,2),
    default_daily_hour_limit NUMERIC(6,2),
    default_daily_lessons_limit SMALLINT,
    notes TEXT,
    created_at TIMESTAMPTZ NOT NULL DEFAULT NOW(),
    updated_at TIMESTAMPTZ NOT NULL DEFAULT NOW(),
    CONSTRAINT uq_teachers_employee_code UNIQUE (employee_code),
    CONSTRAINT chk_teachers_last_name_not_blank CHECK (BTRIM(last_name) <> ''),
    CONSTRAINT chk_teachers_first_name_not_blank CHECK (BTRIM(first_name) <> ''),
    CONSTRAINT chk_teachers_monthly_limit CHECK (default_monthly_hour_limit IS NULL OR default_monthly_hour_limit > 0),
    CONSTRAINT chk_teachers_weekly_limit CHECK (default_weekly_hour_limit IS NULL OR default_weekly_hour_limit > 0),
    CONSTRAINT chk_teachers_daily_hour_limit CHECK (default_daily_hour_limit IS NULL OR default_daily_hour_limit > 0),
    CONSTRAINT chk_teachers_daily_lesson_limit CHECK (default_daily_lessons_limit IS NULL OR default_daily_lessons_limit > 0)
);

CREATE UNIQUE INDEX uq_teachers_fio
    ON teachers (last_name, first_name, COALESCE(middle_name, ''));

CREATE TABLE subjects (
    id BIGINT GENERATED BY DEFAULT AS IDENTITY PRIMARY KEY,
    code VARCHAR(50),
    name VARCHAR(200) NOT NULL,
    subject_kind VARCHAR(30) NOT NULL DEFAULT 'standard',
    is_active BOOLEAN NOT NULL DEFAULT TRUE,
    notes TEXT,
    created_at TIMESTAMPTZ NOT NULL DEFAULT NOW(),
    updated_at TIMESTAMPTZ NOT NULL DEFAULT NOW(),
    CONSTRAINT uq_subjects_code UNIQUE (code),
    CONSTRAINT uq_subjects_name UNIQUE (name),
    CONSTRAINT chk_subjects_name_not_blank CHECK (BTRIM(name) <> ''),
    CONSTRAINT chk_subjects_kind CHECK (subject_kind IN ('standard', 'module', 'elective', 'practicum', 'physical', 'general'))
);

CREATE TABLE groups (
    id BIGINT GENERATED BY DEFAULT AS IDENTITY PRIMARY KEY,
    specialty_id BIGINT NOT NULL REFERENCES specialties(id) ON DELETE RESTRICT,
    code VARCHAR(50) NOT NULL,
    name VARCHAR(100) NOT NULL,
    course_no SMALLINT NOT NULL,
    student_count INTEGER,
    max_daily_lessons SMALLINT NOT NULL DEFAULT 4,
    is_active BOOLEAN NOT NULL DEFAULT TRUE,
    notes TEXT,
    created_at TIMESTAMPTZ NOT NULL DEFAULT NOW(),
    updated_at TIMESTAMPTZ NOT NULL DEFAULT NOW(),
    CONSTRAINT uq_groups_code UNIQUE (code),
    CONSTRAINT chk_groups_code_not_blank CHECK (BTRIM(code) <> ''),
    CONSTRAINT chk_groups_name_not_blank CHECK (BTRIM(name) <> ''),
    CONSTRAINT chk_groups_course CHECK (course_no BETWEEN 1 AND 6),
    CONSTRAINT chk_groups_student_count CHECK (student_count IS NULL OR student_count > 0),
    CONSTRAINT chk_groups_max_daily_lessons CHECK (max_daily_lessons BETWEEN 1 AND 8)
);

CREATE TABLE group_subgroups (
    id BIGINT GENERATED BY DEFAULT AS IDENTITY PRIMARY KEY,
    group_id BIGINT NOT NULL REFERENCES groups(id) ON DELETE CASCADE,
    code VARCHAR(20) NOT NULL,
    name VARCHAR(100) NOT NULL,
    student_count INTEGER,
    is_active BOOLEAN NOT NULL DEFAULT TRUE,
    created_at TIMESTAMPTZ NOT NULL DEFAULT NOW(),
    updated_at TIMESTAMPTZ NOT NULL DEFAULT NOW(),
    CONSTRAINT uq_group_subgroups_group_code UNIQUE (group_id, code),
    CONSTRAINT uq_group_subgroups_group_subgroup UNIQUE (group_id, subgroup_id),
    CONSTRAINT chk_group_subgroups_code_not_blank CHECK (BTRIM(code) <> ''),
    CONSTRAINT chk_group_subgroups_name_not_blank CHECK (BTRIM(name) <> ''),
    CONSTRAINT chk_group_subgroups_student_count CHECK (student_count IS NULL OR student_count > 0)
);

CREATE TABLE rooms (
    id BIGINT GENERATED BY DEFAULT AS IDENTITY PRIMARY KEY,
    code VARCHAR(30) NOT NULL,
    name VARCHAR(100) NOT NULL,
    building VARCHAR(100) NOT NULL,
    floor SMALLINT,
    capacity INTEGER,
    room_type_id BIGINT NOT NULL REFERENCES room_types(id) ON DELETE RESTRICT,
    is_active BOOLEAN NOT NULL DEFAULT TRUE,
    notes TEXT,
    created_at TIMESTAMPTZ NOT NULL DEFAULT NOW(),
    updated_at TIMESTAMPTZ NOT NULL DEFAULT NOW(),
    CONSTRAINT uq_rooms_building_code UNIQUE (building, code),
    CONSTRAINT chk_rooms_code_not_blank CHECK (BTRIM(code) <> ''),
    CONSTRAINT chk_rooms_name_not_blank CHECK (BTRIM(name) <> ''),
    CONSTRAINT chk_rooms_building_not_blank CHECK (BTRIM(building) <> ''),
    CONSTRAINT chk_rooms_floor CHECK (floor IS NULL OR floor >= 0),
    CONSTRAINT chk_rooms_capacity CHECK (capacity IS NULL OR capacity > 0)
);

-- =========================================================
-- Load, preferences and constraint tables
-- =========================================================

CREATE TABLE teacher_preferences (
    id BIGINT GENERATED BY DEFAULT AS IDENTITY PRIMARY KEY,
    teacher_id BIGINT NOT NULL REFERENCES teachers(id) ON DELETE CASCADE,
    academic_period_id BIGINT NOT NULL REFERENCES academic_periods(id) ON DELETE CASCADE,
    time_slot_id BIGINT NOT NULL REFERENCES time_slots(id) ON DELETE CASCADE,
    preference_type VARCHAR(20) NOT NULL,
    weight SMALLINT NOT NULL DEFAULT 50,
    note TEXT,
    created_at TIMESTAMPTZ NOT NULL DEFAULT NOW(),
    CONSTRAINT uq_teacher_preferences UNIQUE (teacher_id, academic_period_id, time_slot_id, preference_type),
    CONSTRAINT chk_teacher_preferences_type CHECK (preference_type IN ('prefer', 'avoid')),
    CONSTRAINT chk_teacher_preferences_weight CHECK (weight BETWEEN 1 AND 100)
);

CREATE TABLE teacher_load (
    id BIGINT GENERATED BY DEFAULT AS IDENTITY PRIMARY KEY,
    teacher_id BIGINT NOT NULL REFERENCES teachers(id) ON DELETE CASCADE,
    academic_period_id BIGINT NOT NULL REFERENCES academic_periods(id) ON DELETE CASCADE,
    max_monthly_hours NUMERIC(7,2),
    max_weekly_hours NUMERIC(6,2),
    max_daily_hours NUMERIC(6,2),
    max_daily_lessons SMALLINT,
    min_weekly_hours NUMERIC(6,2),
    notes TEXT,
    created_at TIMESTAMPTZ NOT NULL DEFAULT NOW(),
    updated_at TIMESTAMPTZ NOT NULL DEFAULT NOW(),
    CONSTRAINT uq_teacher_load_teacher_period UNIQUE (teacher_id, academic_period_id),
    CONSTRAINT chk_teacher_load_monthly CHECK (max_monthly_hours IS NULL OR max_monthly_hours > 0),
    CONSTRAINT chk_teacher_load_weekly CHECK (max_weekly_hours IS NULL OR max_weekly_hours > 0),
    CONSTRAINT chk_teacher_load_daily_hours CHECK (max_daily_hours IS NULL OR max_daily_hours > 0),
    CONSTRAINT chk_teacher_load_daily_lessons CHECK (max_daily_lessons IS NULL OR max_daily_lessons > 0),
    CONSTRAINT chk_teacher_load_min_weekly CHECK (min_weekly_hours IS NULL OR min_weekly_hours >= 0),
    CONSTRAINT chk_teacher_load_bounds CHECK (
        max_weekly_hours IS NULL
        OR min_weekly_hours IS NULL
        OR max_weekly_hours >= min_weekly_hours
    )
);

CREATE TABLE teacher_subjects (
    id BIGINT GENERATED BY DEFAULT AS IDENTITY PRIMARY KEY,
    teacher_id BIGINT NOT NULL REFERENCES teachers(id) ON DELETE CASCADE,
    subject_id BIGINT NOT NULL REFERENCES subjects(id) ON DELETE CASCADE,
    lesson_type_id BIGINT REFERENCES lesson_types(id) ON DELETE RESTRICT,
    is_primary BOOLEAN NOT NULL DEFAULT FALSE,
    is_active BOOLEAN NOT NULL DEFAULT TRUE,
    note TEXT,
    created_at TIMESTAMPTZ NOT NULL DEFAULT NOW()
);

CREATE TABLE subject_lesson_types (
    id BIGINT GENERATED BY DEFAULT AS IDENTITY PRIMARY KEY,
    subject_id BIGINT NOT NULL REFERENCES subjects(id) ON DELETE CASCADE,
    lesson_type_id BIGINT NOT NULL REFERENCES lesson_types(id) ON DELETE RESTRICT,
    is_default BOOLEAN NOT NULL DEFAULT FALSE,
    is_active BOOLEAN NOT NULL DEFAULT TRUE,
    note TEXT,
    created_at TIMESTAMPTZ NOT NULL DEFAULT NOW(),
    CONSTRAINT uq_subject_lesson_types UNIQUE (subject_id, lesson_type_id)
);

CREATE TABLE subject_room_type (
    id BIGINT GENERATED BY DEFAULT AS IDENTITY PRIMARY KEY,
    subject_id BIGINT NOT NULL REFERENCES subjects(id) ON DELETE CASCADE,
    room_type_id BIGINT NOT NULL REFERENCES room_types(id) ON DELETE RESTRICT,
    lesson_type_id BIGINT REFERENCES lesson_types(id) ON DELETE RESTRICT,
    priority SMALLINT NOT NULL DEFAULT 100,
    is_required BOOLEAN NOT NULL DEFAULT TRUE,
    created_at TIMESTAMPTZ NOT NULL DEFAULT NOW(),
    CONSTRAINT chk_subject_room_type_priority CHECK (priority BETWEEN 1 AND 1000)
);

CREATE TABLE teacher_unavailability (
    id BIGINT GENERATED BY DEFAULT AS IDENTITY PRIMARY KEY,
    teacher_id BIGINT NOT NULL REFERENCES teachers(id) ON DELETE CASCADE,
    academic_period_id BIGINT NOT NULL REFERENCES academic_periods(id) ON DELETE CASCADE,
    time_slot_id BIGINT NOT NULL REFERENCES time_slots(id) ON DELETE CASCADE,
    reason TEXT,
    is_hard BOOLEAN NOT NULL DEFAULT TRUE,
    created_at TIMESTAMPTZ NOT NULL DEFAULT NOW(),
    CONSTRAINT uq_teacher_unavailability UNIQUE (teacher_id, academic_period_id, time_slot_id)
);

CREATE TABLE group_unavailability (
    id BIGINT GENERATED BY DEFAULT AS IDENTITY PRIMARY KEY,
    group_id BIGINT NOT NULL REFERENCES groups(id) ON DELETE CASCADE,
    subgroup_id BIGINT,
    academic_period_id BIGINT NOT NULL REFERENCES academic_periods(id) ON DELETE CASCADE,
    time_slot_id BIGINT NOT NULL REFERENCES time_slots(id) ON DELETE CASCADE,
    reason TEXT,
    is_hard BOOLEAN NOT NULL DEFAULT TRUE,
    created_at TIMESTAMPTZ NOT NULL DEFAULT NOW(),
    CONSTRAINT fk_group_unavailability_subgroup
        FOREIGN KEY (group_id, subgroup_id)
        REFERENCES group_subgroups(group_id, subgroup_id)
        ON DELETE CASCADE
);

CREATE TABLE room_unavailability (
    id BIGINT GENERATED BY DEFAULT AS IDENTITY PRIMARY KEY,
    room_id BIGINT NOT NULL REFERENCES rooms(id) ON DELETE CASCADE,
    academic_period_id BIGINT NOT NULL REFERENCES academic_periods(id) ON DELETE CASCADE,
    time_slot_id BIGINT NOT NULL REFERENCES time_slots(id) ON DELETE CASCADE,
    reason TEXT,
    is_hard BOOLEAN NOT NULL DEFAULT TRUE,
    created_at TIMESTAMPTZ NOT NULL DEFAULT NOW(),
    CONSTRAINT uq_room_unavailability UNIQUE (room_id, academic_period_id, time_slot_id)
);

CREATE TABLE group_subject_load (
    id BIGINT GENERATED BY DEFAULT AS IDENTITY PRIMARY KEY,
    academic_period_id BIGINT NOT NULL REFERENCES academic_periods(id) ON DELETE CASCADE,
    group_id BIGINT NOT NULL REFERENCES groups(id) ON DELETE CASCADE,
    subgroup_id BIGINT,
    subject_id BIGINT NOT NULL REFERENCES subjects(id) ON DELETE RESTRICT,
    lesson_type_id BIGINT NOT NULL REFERENCES lesson_types(id) ON DELETE RESTRICT,
    planned_weekly_hours NUMERIC(7,2) NOT NULL DEFAULT 0,
    total_hours NUMERIC(8,2) NOT NULL DEFAULT 0,
    min_sessions_per_week SMALLINT,
    max_sessions_per_week SMALLINT,
    preferred_room_type_id BIGINT REFERENCES room_types(id) ON DELETE RESTRICT,
    preferred_teacher_id BIGINT REFERENCES teachers(id) ON DELETE RESTRICT,
    is_mandatory BOOLEAN NOT NULL DEFAULT TRUE,
    notes TEXT,
    created_at TIMESTAMPTZ NOT NULL DEFAULT NOW(),
    updated_at TIMESTAMPTZ NOT NULL DEFAULT NOW(),
    CONSTRAINT fk_group_subject_load_subgroup
        FOREIGN KEY (group_id, subgroup_id)
        REFERENCES group_subgroups(group_id, subgroup_id)
        ON DELETE CASCADE,
    CONSTRAINT chk_group_subject_load_hours CHECK (
        planned_weekly_hours >= 0
        AND total_hours >= 0
        AND (planned_weekly_hours > 0 OR total_hours > 0)
    ),
    CONSTRAINT chk_group_subject_load_min_sessions CHECK (min_sessions_per_week IS NULL OR min_sessions_per_week > 0),
    CONSTRAINT chk_group_subject_load_max_sessions CHECK (max_sessions_per_week IS NULL OR max_sessions_per_week > 0),
    CONSTRAINT chk_group_subject_load_session_bounds CHECK (
        max_sessions_per_week IS NULL
        OR min_sessions_per_week IS NULL
        OR max_sessions_per_week >= min_sessions_per_week
    )
);

-- =========================================================
-- Generation results and operational logs
-- =========================================================

CREATE TABLE schedule_generation_runs (
    id BIGINT GENERATED BY DEFAULT AS IDENTITY PRIMARY KEY,
    academic_period_id BIGINT NOT NULL REFERENCES academic_periods(id) ON DELETE RESTRICT,
    status VARCHAR(20) NOT NULL,
    requested_by VARCHAR(100),
    generator_version VARCHAR(50),
    parameters JSONB NOT NULL DEFAULT '{}'::JSONB,
    created_schedule_rows INTEGER NOT NULL DEFAULT 0,
    detected_conflicts INTEGER NOT NULL DEFAULT 0,
    requested_at TIMESTAMPTZ NOT NULL DEFAULT NOW(),
    started_at TIMESTAMPTZ,
    finished_at TIMESTAMPTZ,
    notes TEXT,
    created_at TIMESTAMPTZ NOT NULL DEFAULT NOW(),
    updated_at TIMESTAMPTZ NOT NULL DEFAULT NOW(),
    CONSTRAINT chk_schedule_generation_runs_status CHECK (status IN ('queued', 'running', 'completed', 'failed', 'cancelled')),
    CONSTRAINT chk_schedule_generation_runs_counts CHECK (created_schedule_rows >= 0 AND detected_conflicts >= 0),
    CONSTRAINT chk_schedule_generation_runs_time CHECK (
        finished_at IS NULL
        OR started_at IS NULL
        OR finished_at >= started_at
    )
);

CREATE TABLE schedule_conflicts_log (
    id BIGINT GENERATED BY DEFAULT AS IDENTITY PRIMARY KEY,
    generation_run_id BIGINT REFERENCES schedule_generation_runs(id) ON DELETE SET NULL,
    academic_period_id BIGINT NOT NULL REFERENCES academic_periods(id) ON DELETE CASCADE,
    schedule_id BIGINT,
    conflict_type VARCHAR(50) NOT NULL,
    severity VARCHAR(20) NOT NULL,
    message TEXT NOT NULL,
    context JSONB NOT NULL DEFAULT '{}'::JSONB,
    teacher_id BIGINT REFERENCES teachers(id) ON DELETE SET NULL,
    group_id BIGINT REFERENCES groups(id) ON DELETE SET NULL,
    room_id BIGINT REFERENCES rooms(id) ON DELETE SET NULL,
    time_slot_id BIGINT REFERENCES time_slots(id) ON DELETE SET NULL,
    created_at TIMESTAMPTZ NOT NULL DEFAULT NOW(),
    CONSTRAINT chk_schedule_conflicts_type_not_blank CHECK (BTRIM(conflict_type) <> ''),
    CONSTRAINT chk_schedule_conflicts_severity CHECK (severity IN ('warning', 'error', 'critical'))
);

CREATE TABLE schedule (
    id BIGINT GENERATED BY DEFAULT AS IDENTITY PRIMARY KEY,
    academic_period_id BIGINT NOT NULL REFERENCES academic_periods(id) ON DELETE RESTRICT,
    group_subject_load_id BIGINT NOT NULL REFERENCES group_subject_load(id) ON DELETE RESTRICT,
    group_id BIGINT NOT NULL REFERENCES groups(id) ON DELETE RESTRICT,
    subgroup_id BIGINT,
    subject_id BIGINT NOT NULL REFERENCES subjects(id) ON DELETE RESTRICT,
    lesson_type_id BIGINT NOT NULL REFERENCES lesson_types(id) ON DELETE RESTRICT,
    teacher_id BIGINT NOT NULL REFERENCES teachers(id) ON DELETE RESTRICT,
    room_id BIGINT NOT NULL REFERENCES rooms(id) ON DELETE RESTRICT,
    time_slot_id BIGINT NOT NULL REFERENCES time_slots(id) ON DELETE RESTRICT,
    source_run_id BIGINT REFERENCES schedule_generation_runs(id) ON DELETE SET NULL,
    status VARCHAR(20) NOT NULL DEFAULT 'planned',
    notes TEXT,
    created_at TIMESTAMPTZ NOT NULL DEFAULT NOW(),
    updated_at TIMESTAMPTZ NOT NULL DEFAULT NOW(),
    CONSTRAINT fk_schedule_subgroup
        FOREIGN KEY (group_id, subgroup_id)
        REFERENCES group_subgroups(group_id, subgroup_id)
        ON DELETE RESTRICT,
    CONSTRAINT chk_schedule_status CHECK (status IN ('draft', 'planned', 'published', 'locked', 'cancelled'))
);

-- =========================================================
-- Foreign-key and search indexes
-- =========================================================

CREATE INDEX idx_specialties_department_id ON specialties(department_id);
CREATE INDEX idx_groups_specialty_id ON groups(specialty_id);
CREATE INDEX idx_groups_course_no ON groups(course_no);
CREATE INDEX idx_group_subgroups_group_id ON group_subgroups(group_id);
CREATE INDEX idx_rooms_room_type_id ON rooms(room_type_id);
CREATE INDEX idx_time_slots_day_of_week ON time_slots(day_of_week);

CREATE INDEX idx_teacher_preferences_teacher_period
    ON teacher_preferences(teacher_id, academic_period_id);
CREATE INDEX idx_teacher_preferences_time_slot_id
    ON teacher_preferences(time_slot_id);

CREATE INDEX idx_teacher_load_period_id ON teacher_load(academic_period_id);

CREATE INDEX idx_teacher_subjects_teacher_id ON teacher_subjects(teacher_id);
CREATE INDEX idx_teacher_subjects_subject_id ON teacher_subjects(subject_id);
CREATE INDEX idx_teacher_subjects_lesson_type_id ON teacher_subjects(lesson_type_id);

CREATE INDEX idx_subject_lesson_types_subject_id ON subject_lesson_types(subject_id);
CREATE INDEX idx_subject_lesson_types_lesson_type_id ON subject_lesson_types(lesson_type_id);

CREATE INDEX idx_subject_room_type_subject_id ON subject_room_type(subject_id);
CREATE INDEX idx_subject_room_type_room_type_id ON subject_room_type(room_type_id);
CREATE INDEX idx_subject_room_type_lesson_type_id ON subject_room_type(lesson_type_id);

CREATE INDEX idx_teacher_unavailability_teacher_period
    ON teacher_unavailability(teacher_id, academic_period_id);
CREATE INDEX idx_group_unavailability_group_period
    ON group_unavailability(group_id, academic_period_id);
CREATE INDEX idx_group_unavailability_time_slot_id
    ON group_unavailability(time_slot_id);
CREATE INDEX idx_room_unavailability_room_period
    ON room_unavailability(room_id, academic_period_id);

CREATE INDEX idx_group_subject_load_period_group
    ON group_subject_load(academic_period_id, group_id);
CREATE INDEX idx_group_subject_load_subject_id ON group_subject_load(subject_id);
CREATE INDEX idx_group_subject_load_lesson_type_id ON group_subject_load(lesson_type_id);
CREATE INDEX idx_group_subject_load_preferred_teacher_id ON group_subject_load(preferred_teacher_id);
CREATE INDEX idx_group_subject_load_preferred_room_type_id ON group_subject_load(preferred_room_type_id);

CREATE INDEX idx_schedule_generation_runs_period_status
    ON schedule_generation_runs(academic_period_id, status);

CREATE INDEX idx_schedule_conflicts_run_id ON schedule_conflicts_log(generation_run_id);
CREATE INDEX idx_schedule_conflicts_period_slot
    ON schedule_conflicts_log(academic_period_id, time_slot_id);
CREATE INDEX idx_schedule_conflicts_teacher_id ON schedule_conflicts_log(teacher_id);
CREATE INDEX idx_schedule_conflicts_group_id ON schedule_conflicts_log(group_id);
CREATE INDEX idx_schedule_conflicts_room_id ON schedule_conflicts_log(room_id);

CREATE INDEX idx_schedule_period_slot
    ON schedule(academic_period_id, time_slot_id);
CREATE INDEX idx_schedule_group_id ON schedule(group_id);
CREATE INDEX idx_schedule_teacher_id ON schedule(teacher_id);
CREATE INDEX idx_schedule_room_id ON schedule(room_id);
CREATE INDEX idx_schedule_subject_id ON schedule(subject_id);
CREATE INDEX idx_schedule_group_subject_load_id ON schedule(group_subject_load_id);
CREATE INDEX idx_schedule_source_run_id ON schedule(source_run_id);

CREATE UNIQUE INDEX uq_teacher_subjects_generic
    ON teacher_subjects(teacher_id, subject_id)
    WHERE lesson_type_id IS NULL;

CREATE UNIQUE INDEX uq_teacher_subjects_specific
    ON teacher_subjects(teacher_id, subject_id, lesson_type_id)
    WHERE lesson_type_id IS NOT NULL;

CREATE UNIQUE INDEX uq_subject_room_type_generic
    ON subject_room_type(subject_id, room_type_id)
    WHERE lesson_type_id IS NULL;

CREATE UNIQUE INDEX uq_subject_room_type_specific
    ON subject_room_type(subject_id, lesson_type_id, room_type_id)
    WHERE lesson_type_id IS NOT NULL;

CREATE UNIQUE INDEX uq_group_unavailability_full_group
    ON group_unavailability(group_id, academic_period_id, time_slot_id)
    WHERE subgroup_id IS NULL;

CREATE UNIQUE INDEX uq_group_unavailability_subgroup
    ON group_unavailability(group_id, subgroup_id, academic_period_id, time_slot_id)
    WHERE subgroup_id IS NOT NULL;

CREATE UNIQUE INDEX uq_group_subject_load_full_group
    ON group_subject_load(academic_period_id, group_id, subject_id, lesson_type_id)
    WHERE subgroup_id IS NULL;

CREATE UNIQUE INDEX uq_group_subject_load_subgroup
    ON group_subject_load(academic_period_id, group_id, subgroup_id, subject_id, lesson_type_id)
    WHERE subgroup_id IS NOT NULL;

CREATE UNIQUE INDEX uq_schedule_teacher_slot_active
    ON schedule(academic_period_id, teacher_id, time_slot_id)
    WHERE status <> 'cancelled';

CREATE UNIQUE INDEX uq_schedule_room_slot_active
    ON schedule(academic_period_id, room_id, time_slot_id)
    WHERE status <> 'cancelled';

CREATE UNIQUE INDEX uq_schedule_group_slot_full_active
    ON schedule(academic_period_id, group_id, time_slot_id)
    WHERE subgroup_id IS NULL AND status <> 'cancelled';

CREATE UNIQUE INDEX uq_schedule_group_subgroup_slot_active
    ON schedule(academic_period_id, group_id, subgroup_id, time_slot_id)
    WHERE subgroup_id IS NOT NULL AND status <> 'cancelled';

-- =========================================================
-- Seed base reference data
-- =========================================================

INSERT INTO lesson_types (code, name, is_lab, requires_room_match)
VALUES
    ('LECTURE', 'Lecture', FALSE, TRUE),
    ('PRACTICE', 'Practice', FALSE, TRUE),
    ('LAB', 'Laboratory', TRUE, TRUE),
    ('SEMINAR', 'Seminar', FALSE, TRUE),
    ('PE', 'Physical education', FALSE, TRUE)
ON CONFLICT (code) DO NOTHING;

INSERT INTO room_types (code, name, is_lab)
VALUES
    ('CLASSROOM', 'Standard classroom', FALSE),
    ('COMPUTER_LAB', 'Computer lab', TRUE),
    ('SCIENCE_LAB', 'Science lab', TRUE),
    ('KITCHEN_LAB', 'Kitchen lab', TRUE),
    ('WORKSHOP', 'Workshop', TRUE),
    ('GYM', 'Gym', FALSE),
    ('AUDITORIUM', 'Auditorium', FALSE)
ON CONFLICT (code) DO NOTHING;

-- =========================================================
-- Helper functions
-- =========================================================

CREATE OR REPLACE FUNCTION fn_set_updated_at()
RETURNS TRIGGER
LANGUAGE plpgsql
AS $$
BEGIN
    NEW.updated_at = NOW();
    RETURN NEW;
END;
$$;

CREATE OR REPLACE FUNCTION fn_limit_group_subgroups()
RETURNS TRIGGER
LANGUAGE plpgsql
AS $$
DECLARE
    v_active_count INTEGER;
BEGIN
    IF NEW.is_active = FALSE THEN
        RETURN NEW;
    END IF;

    SELECT COUNT(*)
      INTO v_active_count
      FROM group_subgroups gs
     WHERE gs.group_id = NEW.group_id
       AND gs.is_active = TRUE
       AND gs.subgroup_id <> COALESCE(NEW.subgroup_id, -1);

    IF v_active_count >= 2 THEN
        RAISE EXCEPTION 'Group % can have at most 2 active subgroups', NEW.group_id;
    END IF;

    RETURN NEW;
END;
$$;

CREATE OR REPLACE FUNCTION fn_schedule_validate_conflicts()
RETURNS TRIGGER
LANGUAGE plpgsql
AS $$
DECLARE
    v_other_subgroups INTEGER;
BEGIN
    IF NEW.status = 'cancelled' THEN
        RETURN NEW;
    END IF;

    IF EXISTS (
        SELECT 1
          FROM schedule s
         WHERE s.schedule_id <> COALESCE(NEW.schedule_id, -1)
           AND s.status <> 'cancelled'
           AND s.academic_period_id = NEW.academic_period_id
           AND s.teacher_id = NEW.teacher_id
           AND s.time_slot_id = NEW.time_slot_id
    ) THEN
        RAISE EXCEPTION
            'Teacher % is already assigned to another lesson in time_slot % for academic_period %',
            NEW.teacher_id, NEW.time_slot_id, NEW.academic_period_id;
    END IF;

    IF EXISTS (
        SELECT 1
          FROM schedule s
         WHERE s.schedule_id <> COALESCE(NEW.schedule_id, -1)
           AND s.status <> 'cancelled'
           AND s.academic_period_id = NEW.academic_period_id
           AND s.room_id = NEW.room_id
           AND s.time_slot_id = NEW.time_slot_id
    ) THEN
        RAISE EXCEPTION
            'Room % is already occupied in time_slot % for academic_period %',
            NEW.room_id, NEW.time_slot_id, NEW.academic_period_id;
    END IF;

    IF NEW.subgroup_id IS NULL THEN
        IF EXISTS (
            SELECT 1
              FROM schedule s
             WHERE s.schedule_id <> COALESCE(NEW.schedule_id, -1)
               AND s.status <> 'cancelled'
               AND s.academic_period_id = NEW.academic_period_id
               AND s.group_id = NEW.group_id
               AND s.time_slot_id = NEW.time_slot_id
        ) THEN
            RAISE EXCEPTION
                'Group % already has a lesson in time_slot % for academic_period %',
                NEW.group_id, NEW.time_slot_id, NEW.academic_period_id;
        END IF;
    ELSE
        IF EXISTS (
            SELECT 1
              FROM schedule s
             WHERE s.schedule_id <> COALESCE(NEW.schedule_id, -1)
               AND s.status <> 'cancelled'
               AND s.academic_period_id = NEW.academic_period_id
               AND s.group_id = NEW.group_id
               AND s.time_slot_id = NEW.time_slot_id
               AND s.subgroup_id IS NULL
        ) THEN
            RAISE EXCEPTION
                'Full group % is already scheduled in time_slot % for academic_period %',
                NEW.group_id, NEW.time_slot_id, NEW.academic_period_id;
        END IF;

        IF EXISTS (
            SELECT 1
              FROM schedule s
             WHERE s.schedule_id <> COALESCE(NEW.schedule_id, -1)
               AND s.status <> 'cancelled'
               AND s.academic_period_id = NEW.academic_period_id
               AND s.group_id = NEW.group_id
               AND s.time_slot_id = NEW.time_slot_id
               AND s.subgroup_id = NEW.subgroup_id
        ) THEN
            RAISE EXCEPTION
                'Subgroup % of group % already has a lesson in time_slot % for academic_period %',
                NEW.subgroup_id, NEW.group_id, NEW.time_slot_id, NEW.academic_period_id;
        END IF;

        SELECT COUNT(DISTINCT s.subgroup_id)
          INTO v_other_subgroups
          FROM schedule s
         WHERE s.schedule_id <> COALESCE(NEW.schedule_id, -1)
           AND s.status <> 'cancelled'
           AND s.academic_period_id = NEW.academic_period_id
           AND s.group_id = NEW.group_id
           AND s.time_slot_id = NEW.time_slot_id
           AND s.subgroup_id IS NOT NULL
           AND s.subgroup_id <> NEW.subgroup_id;

        IF v_other_subgroups >= 2 THEN
            RAISE EXCEPTION
                'Group % cannot be split into more than 2 parallel subgroups in the same time slot',
                NEW.group_id;
        END IF;
    END IF;

    RETURN NEW;
END;
$$;

CREATE OR REPLACE FUNCTION fn_schedule_validate_assignment()
RETURNS TRIGGER
LANGUAGE plpgsql
AS $$
DECLARE
    v_load RECORD;
    v_teacher_active BOOLEAN;
    v_group_active BOOLEAN;
    v_room_active BOOLEAN;
    v_slot_active BOOLEAN;
    v_room_type_id BIGINT;
    v_room_is_lab BOOLEAN;
    v_room_capacity INTEGER;
    v_required_capacity INTEGER;
    v_lesson_code VARCHAR(20);
BEGIN
    IF NEW.status = 'cancelled' THEN
        RETURN NEW;
    END IF;

    SELECT gsl.academic_period_id,
           gsl.group_id,
           gsl.subgroup_id,
           gsl.subject_id,
           gsl.lesson_type_id
      INTO v_load
      FROM group_subject_load gsl
     WHERE gsl.group_subject_load_id = NEW.group_subject_load_id;

    IF NOT FOUND THEN
        RAISE EXCEPTION 'group_subject_load % does not exist', NEW.group_subject_load_id;
    END IF;

    IF v_load.academic_period_id <> NEW.academic_period_id
       OR v_load.group_id <> NEW.group_id
       OR v_load.subject_id <> NEW.subject_id
       OR v_load.lesson_type_id <> NEW.lesson_type_id
       OR v_load.subgroup_id IS DISTINCT FROM NEW.subgroup_id THEN
        RAISE EXCEPTION
            'schedule row does not match group_subject_load %', NEW.group_subject_load_id;
    END IF;

    SELECT is_active INTO v_teacher_active
      FROM teachers
     WHERE teacher_id = NEW.teacher_id;

    SELECT is_active INTO v_group_active
      FROM groups
     WHERE group_id = NEW.group_id;

    SELECT r.is_active, r.room_type_id, rt.is_lab, r.capacity
      INTO v_room_active, v_room_type_id, v_room_is_lab, v_room_capacity
      FROM rooms r
      JOIN room_types rt ON rt.room_type_id = r.room_type_id
     WHERE r.room_id = NEW.room_id;

    SELECT is_active INTO v_slot_active
      FROM time_slots
     WHERE time_slot_id = NEW.time_slot_id;

    IF v_teacher_active IS DISTINCT FROM TRUE THEN
        RAISE EXCEPTION 'Teacher % is inactive and cannot be scheduled', NEW.teacher_id;
    END IF;

    IF v_group_active IS DISTINCT FROM TRUE THEN
        RAISE EXCEPTION 'Group % is inactive and cannot be scheduled', NEW.group_id;
    END IF;

    IF v_room_active IS DISTINCT FROM TRUE THEN
        RAISE EXCEPTION 'Room % is inactive and cannot be scheduled', NEW.room_id;
    END IF;

    IF v_slot_active IS DISTINCT FROM TRUE THEN
        RAISE EXCEPTION 'Time slot % is inactive and cannot be scheduled', NEW.time_slot_id;
    END IF;

    IF NEW.subgroup_id IS NOT NULL THEN
        PERFORM 1
          FROM group_subgroups gs
         WHERE gs.group_id = NEW.group_id
           AND gs.subgroup_id = NEW.subgroup_id
           AND gs.is_active = TRUE;

        IF NOT FOUND THEN
            RAISE EXCEPTION
                'Subgroup % is not active or does not belong to group %',
                NEW.subgroup_id, NEW.group_id;
        END IF;
    END IF;

    IF NOT EXISTS (
        SELECT 1
          FROM teacher_subjects ts
         WHERE ts.teacher_id = NEW.teacher_id
           AND ts.subject_id = NEW.subject_id
           AND ts.is_active = TRUE
           AND (ts.lesson_type_id IS NULL OR ts.lesson_type_id = NEW.lesson_type_id)
    ) THEN
        RAISE EXCEPTION
            'Teacher % is not allowed to teach subject % with lesson_type %',
            NEW.teacher_id, NEW.subject_id, NEW.lesson_type_id;
    END IF;

    IF EXISTS (
        SELECT 1
          FROM subject_lesson_types slt
         WHERE slt.subject_id = NEW.subject_id
           AND slt.is_active = TRUE
    )
    AND NOT EXISTS (
        SELECT 1
          FROM subject_lesson_types slt
         WHERE slt.subject_id = NEW.subject_id
           AND slt.lesson_type_id = NEW.lesson_type_id
           AND slt.is_active = TRUE
    ) THEN
        RAISE EXCEPTION
            'Subject % does not allow lesson_type %',
            NEW.subject_id, NEW.lesson_type_id;
    END IF;

    SELECT code
      INTO v_lesson_code
      FROM lesson_types
     WHERE lesson_type_id = NEW.lesson_type_id;

    IF v_lesson_code = 'LAB' AND COALESCE(v_room_is_lab, FALSE) = FALSE THEN
        RAISE EXCEPTION
            'Lesson type LAB can only be scheduled in a room with is_lab = TRUE';
    END IF;

    IF EXISTS (
        SELECT 1
          FROM subject_room_type srt
         WHERE srt.subject_id = NEW.subject_id
           AND srt.lesson_type_id = NEW.lesson_type_id
           AND srt.is_required = TRUE
    ) THEN
        IF NOT EXISTS (
            SELECT 1
              FROM subject_room_type srt
             WHERE srt.subject_id = NEW.subject_id
               AND srt.lesson_type_id = NEW.lesson_type_id
               AND srt.room_type_id = v_room_type_id
               AND srt.is_required = TRUE
        ) THEN
            RAISE EXCEPTION
                'Room % has incompatible room_type for subject % and lesson_type %',
                NEW.room_id, NEW.subject_id, NEW.lesson_type_id;
        END IF;
    ELSIF EXISTS (
        SELECT 1
          FROM subject_room_type srt
         WHERE srt.subject_id = NEW.subject_id
           AND srt.lesson_type_id IS NULL
           AND srt.is_required = TRUE
    ) THEN
        IF NOT EXISTS (
            SELECT 1
              FROM subject_room_type srt
             WHERE srt.subject_id = NEW.subject_id
               AND srt.lesson_type_id IS NULL
               AND srt.room_type_id = v_room_type_id
               AND srt.is_required = TRUE
        ) THEN
            RAISE EXCEPTION
                'Room % has incompatible room_type for subject %',
                NEW.room_id, NEW.subject_id;
        END IF;
    END IF;

    SELECT COALESCE(gs.student_count, g.student_count)
      INTO v_required_capacity
      FROM groups g
      LEFT JOIN group_subgroups gs
        ON gs.group_id = g.group_id
       AND gs.subgroup_id = NEW.subgroup_id
     WHERE g.group_id = NEW.group_id;

    IF v_room_capacity IS NOT NULL
       AND v_required_capacity IS NOT NULL
       AND v_room_capacity < v_required_capacity THEN
        RAISE EXCEPTION
            'Room % capacity (%) is lower than required student count (%)',
            NEW.room_id, v_room_capacity, v_required_capacity;
    END IF;

    RETURN NEW;
END;
$$;

CREATE OR REPLACE FUNCTION fn_schedule_validate_availability()
RETURNS TRIGGER
LANGUAGE plpgsql
AS $$
BEGIN
    IF NEW.status = 'cancelled' THEN
        RETURN NEW;
    END IF;

    IF EXISTS (
        SELECT 1
          FROM teacher_unavailability tu
         WHERE tu.teacher_id = NEW.teacher_id
           AND tu.academic_period_id = NEW.academic_period_id
           AND tu.time_slot_id = NEW.time_slot_id
           AND tu.is_hard = TRUE
    ) THEN
        RAISE EXCEPTION
            'Teacher % is unavailable in time_slot % for academic_period %',
            NEW.teacher_id, NEW.time_slot_id, NEW.academic_period_id;
    END IF;

    IF EXISTS (
        SELECT 1
          FROM room_unavailability ru
         WHERE ru.room_id = NEW.room_id
           AND ru.academic_period_id = NEW.academic_period_id
           AND ru.time_slot_id = NEW.time_slot_id
           AND ru.is_hard = TRUE
    ) THEN
        RAISE EXCEPTION
            'Room % is unavailable in time_slot % for academic_period %',
            NEW.room_id, NEW.time_slot_id, NEW.academic_period_id;
    END IF;

    IF NEW.subgroup_id IS NULL THEN
        IF EXISTS (
            SELECT 1
              FROM group_unavailability gu
             WHERE gu.group_id = NEW.group_id
               AND gu.academic_period_id = NEW.academic_period_id
               AND gu.time_slot_id = NEW.time_slot_id
               AND gu.is_hard = TRUE
        ) THEN
            RAISE EXCEPTION
                'Group % is unavailable in time_slot % for academic_period %',
                NEW.group_id, NEW.time_slot_id, NEW.academic_period_id;
        END IF;
    ELSE
        IF EXISTS (
            SELECT 1
              FROM group_unavailability gu
             WHERE gu.group_id = NEW.group_id
               AND gu.academic_period_id = NEW.academic_period_id
               AND gu.time_slot_id = NEW.time_slot_id
               AND gu.is_hard = TRUE
               AND (gu.subgroup_id IS NULL OR gu.subgroup_id = NEW.subgroup_id)
        ) THEN
            RAISE EXCEPTION
                'Group % / subgroup % is unavailable in time_slot % for academic_period %',
                NEW.group_id, NEW.subgroup_id, NEW.time_slot_id, NEW.academic_period_id;
        END IF;
    END IF;

    RETURN NEW;
END;
$$;

CREATE OR REPLACE FUNCTION fn_schedule_validate_loads()
RETURNS TRIGGER
LANGUAGE plpgsql
AS $$
DECLARE
    v_day_of_week SMALLINT;
    v_slot_hours NUMERIC(6,2);
    v_period_weeks NUMERIC(6,2);
    v_period_start DATE;
    v_period_end DATE;
    v_group_max_daily_lessons SMALLINT;
    v_load_weekly_hours NUMERIC(8,2);
    v_load_total_hours NUMERIC(8,2);
    v_load_max_sessions_per_week SMALLINT;
    v_group_daily_slots INTEGER;
    v_assigned_load_hours NUMERIC(8,2);
    v_assigned_load_sessions INTEGER;
    v_teacher_weekly_hours NUMERIC(8,2);
    v_teacher_daily_hours NUMERIC(8,2);
    v_teacher_daily_lessons INTEGER;
    v_max_weekly_hours NUMERIC(8,2);
    v_max_daily_hours NUMERIC(8,2);
    v_max_monthly_hours NUMERIC(8,2);
    v_max_daily_lessons SMALLINT;
    v_period_days INTEGER;
    v_period_months NUMERIC(10,4);
    v_teacher_average_monthly_hours NUMERIC(10,2);
BEGIN
    IF NEW.status = 'cancelled' THEN
        RETURN NEW;
    END IF;

    SELECT ts.day_of_week, ts.academic_hours
      INTO v_day_of_week, v_slot_hours
      FROM time_slots ts
     WHERE ts.time_slot_id = NEW.time_slot_id;

    SELECT ap.weeks_in_period, ap.start_date, ap.end_date
      INTO v_period_weeks, v_period_start, v_period_end
      FROM academic_periods ap
     WHERE ap.academic_period_id = NEW.academic_period_id;

    SELECT g.max_daily_lessons
      INTO v_group_max_daily_lessons
      FROM groups g
     WHERE g.group_id = NEW.group_id;

    SELECT gsl.planned_weekly_hours,
           gsl.total_hours,
           gsl.max_sessions_per_week
      INTO v_load_weekly_hours,
           v_load_total_hours,
           v_load_max_sessions_per_week
      FROM group_subject_load gsl
     WHERE gsl.group_subject_load_id = NEW.group_subject_load_id;

    SELECT COUNT(*)
      INTO v_group_daily_slots
      FROM (
            SELECT DISTINCT s.time_slot_id
              FROM schedule s
              JOIN time_slots ts ON ts.time_slot_id = s.time_slot_id
             WHERE s.schedule_id <> COALESCE(NEW.schedule_id, -1)
               AND s.status <> 'cancelled'
               AND s.academic_period_id = NEW.academic_period_id
               AND s.group_id = NEW.group_id
               AND ts.day_of_week = v_day_of_week
            UNION
            SELECT NEW.time_slot_id
      ) AS daily_slots;

    IF v_group_daily_slots > v_group_max_daily_lessons THEN
        RAISE EXCEPTION
            'Group % would exceed its daily limit of % lessons',
            NEW.group_id, v_group_max_daily_lessons;
    END IF;

    SELECT COALESCE(SUM(ts.academic_hours), 0),
           COUNT(*)
      INTO v_assigned_load_hours,
           v_assigned_load_sessions
      FROM schedule s
      JOIN time_slots ts ON ts.time_slot_id = s.time_slot_id
     WHERE s.schedule_id <> COALESCE(NEW.schedule_id, -1)
       AND s.status <> 'cancelled'
       AND s.group_subject_load_id = NEW.group_subject_load_id;

    v_assigned_load_hours := v_assigned_load_hours + v_slot_hours;
    v_assigned_load_sessions := v_assigned_load_sessions + 1;

    IF v_load_weekly_hours > 0
       AND v_assigned_load_hours > v_load_weekly_hours + 0.01 THEN
        RAISE EXCEPTION
            'group_subject_load % exceeds planned weekly hours (scheduled %, limit %)',
            NEW.group_subject_load_id, v_assigned_load_hours, v_load_weekly_hours;
    END IF;

    IF v_load_total_hours > 0
       AND v_period_weeks > 0
       AND (v_assigned_load_hours * v_period_weeks) > v_load_total_hours + 0.01 THEN
        RAISE EXCEPTION
            'group_subject_load % exceeds total period hours (projected %, limit %)',
            NEW.group_subject_load_id, (v_assigned_load_hours * v_period_weeks), v_load_total_hours;
    END IF;

    IF v_load_max_sessions_per_week IS NOT NULL
       AND v_assigned_load_sessions > v_load_max_sessions_per_week THEN
        RAISE EXCEPTION
            'group_subject_load % exceeds max sessions per week (% > %)',
            NEW.group_subject_load_id, v_assigned_load_sessions, v_load_max_sessions_per_week;
    END IF;

    SELECT COALESCE(tl.max_weekly_hours, t.default_weekly_hour_limit),
           COALESCE(tl.max_daily_hours, t.default_daily_hour_limit),
           COALESCE(tl.max_monthly_hours, t.default_monthly_hour_limit),
           COALESCE(tl.max_daily_lessons, t.default_daily_lessons_limit)
      INTO v_max_weekly_hours,
           v_max_daily_hours,
           v_max_monthly_hours,
           v_max_daily_lessons
      FROM teachers t
      LEFT JOIN teacher_load tl
        ON tl.teacher_id = t.teacher_id
       AND tl.academic_period_id = NEW.academic_period_id
     WHERE t.teacher_id = NEW.teacher_id;

    SELECT COALESCE(SUM(ts.academic_hours), 0)
      INTO v_teacher_weekly_hours
      FROM schedule s
      JOIN time_slots ts ON ts.time_slot_id = s.time_slot_id
     WHERE s.schedule_id <> COALESCE(NEW.schedule_id, -1)
       AND s.status <> 'cancelled'
       AND s.academic_period_id = NEW.academic_period_id
       AND s.teacher_id = NEW.teacher_id;

    v_teacher_weekly_hours := v_teacher_weekly_hours + v_slot_hours;

    SELECT COALESCE(SUM(ts.academic_hours), 0),
           COUNT(*)
      INTO v_teacher_daily_hours,
           v_teacher_daily_lessons
      FROM schedule s
      JOIN time_slots ts ON ts.time_slot_id = s.time_slot_id
     WHERE s.schedule_id <> COALESCE(NEW.schedule_id, -1)
       AND s.status <> 'cancelled'
       AND s.academic_period_id = NEW.academic_period_id
       AND s.teacher_id = NEW.teacher_id
       AND ts.day_of_week = v_day_of_week;

    v_teacher_daily_hours := v_teacher_daily_hours + v_slot_hours;
    v_teacher_daily_lessons := v_teacher_daily_lessons + 1;

    IF v_max_weekly_hours IS NOT NULL
       AND v_teacher_weekly_hours > v_max_weekly_hours + 0.01 THEN
        RAISE EXCEPTION
            'Teacher % exceeds weekly hour limit (scheduled %, limit %)',
            NEW.teacher_id, v_teacher_weekly_hours, v_max_weekly_hours;
    END IF;

    IF v_max_daily_hours IS NOT NULL
       AND v_teacher_daily_hours > v_max_daily_hours + 0.01 THEN
        RAISE EXCEPTION
            'Teacher % exceeds daily hour limit (scheduled %, limit %)',
            NEW.teacher_id, v_teacher_daily_hours, v_max_daily_hours;
    END IF;

    IF v_max_daily_lessons IS NOT NULL
       AND v_teacher_daily_lessons > v_max_daily_lessons THEN
        RAISE EXCEPTION
            'Teacher % exceeds daily lesson limit (scheduled %, limit %)',
            NEW.teacher_id, v_teacher_daily_lessons, v_max_daily_lessons;
    END IF;

    IF v_max_monthly_hours IS NOT NULL THEN
        v_period_days := GREATEST(1, (v_period_end - v_period_start + 1));
        v_period_months := GREATEST(1.0::NUMERIC, v_period_days::NUMERIC / 30.4375);
        v_teacher_average_monthly_hours := (v_teacher_weekly_hours * v_period_weeks) / v_period_months;

        IF v_teacher_average_monthly_hours > v_max_monthly_hours + 0.01 THEN
            RAISE EXCEPTION
                'Teacher % exceeds average monthly hour limit (projected %, limit %)',
                NEW.teacher_id, v_teacher_average_monthly_hours, v_max_monthly_hours;
        END IF;
    END IF;

    RETURN NEW;
END;
$$;

-- =========================================================
-- Updated-at triggers
-- =========================================================

CREATE TRIGGER trg_departments_set_updated_at
BEFORE UPDATE ON departments
FOR EACH ROW
EXECUTE FUNCTION fn_set_updated_at();

CREATE TRIGGER trg_specialties_set_updated_at
BEFORE UPDATE ON specialties
FOR EACH ROW
EXECUTE FUNCTION fn_set_updated_at();

CREATE TRIGGER trg_academic_periods_set_updated_at
BEFORE UPDATE ON academic_periods
FOR EACH ROW
EXECUTE FUNCTION fn_set_updated_at();

CREATE TRIGGER trg_teachers_set_updated_at
BEFORE UPDATE ON teachers
FOR EACH ROW
EXECUTE FUNCTION fn_set_updated_at();

CREATE TRIGGER trg_subjects_set_updated_at
BEFORE UPDATE ON subjects
FOR EACH ROW
EXECUTE FUNCTION fn_set_updated_at();

CREATE TRIGGER trg_groups_set_updated_at
BEFORE UPDATE ON groups
FOR EACH ROW
EXECUTE FUNCTION fn_set_updated_at();

CREATE TRIGGER trg_group_subgroups_set_updated_at
BEFORE UPDATE ON group_subgroups
FOR EACH ROW
EXECUTE FUNCTION fn_set_updated_at();

CREATE TRIGGER trg_rooms_set_updated_at
BEFORE UPDATE ON rooms
FOR EACH ROW
EXECUTE FUNCTION fn_set_updated_at();

CREATE TRIGGER trg_teacher_load_set_updated_at
BEFORE UPDATE ON teacher_load
FOR EACH ROW
EXECUTE FUNCTION fn_set_updated_at();

CREATE TRIGGER trg_group_subject_load_set_updated_at
BEFORE UPDATE ON group_subject_load
FOR EACH ROW
EXECUTE FUNCTION fn_set_updated_at();

CREATE TRIGGER trg_schedule_generation_runs_set_updated_at
BEFORE UPDATE ON schedule_generation_runs
FOR EACH ROW
EXECUTE FUNCTION fn_set_updated_at();

CREATE TRIGGER trg_schedule_set_updated_at
BEFORE UPDATE ON schedule
FOR EACH ROW
EXECUTE FUNCTION fn_set_updated_at();

-- =========================================================
-- Business-rule triggers
-- =========================================================

CREATE TRIGGER trg_group_subgroups_limit
BEFORE INSERT OR UPDATE ON group_subgroups
FOR EACH ROW
EXECUTE FUNCTION fn_limit_group_subgroups();

CREATE TRIGGER trg_10_schedule_conflicts
BEFORE INSERT OR UPDATE ON schedule
FOR EACH ROW
EXECUTE FUNCTION fn_schedule_validate_conflicts();

CREATE TRIGGER trg_20_schedule_assignment
BEFORE INSERT OR UPDATE ON schedule
FOR EACH ROW
EXECUTE FUNCTION fn_schedule_validate_assignment();

CREATE TRIGGER trg_30_schedule_availability
BEFORE INSERT OR UPDATE ON schedule
FOR EACH ROW
EXECUTE FUNCTION fn_schedule_validate_availability();

CREATE TRIGGER trg_40_schedule_loads
BEFORE INSERT OR UPDATE ON schedule
FOR EACH ROW
EXECUTE FUNCTION fn_schedule_validate_loads();


-- =========================================================
-- Full population from the attached legacy SQL database
-- =========================================================
-- Imported legacy row counts:
-- teachers: 64
-- groups: 51
-- classrooms: 37
-- subjects: 161
-- curriculum rows: 409

-- Legacy DB does not contain timetable slots, so production operational slots
-- are added here as required system data.
INSERT INTO time_slots (
    day_of_week,
    slot_number,
    start_time,
    end_time,
    academic_hours,
    is_active
)
VALUES
    (1, 1, TIME '08:00', TIME '09:30', 2.00, TRUE),
    (1, 2, TIME '09:40', TIME '11:10', 2.00, TRUE),
    (1, 3, TIME '11:20', TIME '12:50', 2.00, TRUE),
    (1, 4, TIME '13:20', TIME '14:50', 2.00, TRUE),
    (1, 5, TIME '15:00', TIME '16:30', 2.00, TRUE),
    (1, 6, TIME '16:40', TIME '18:10', 2.00, TRUE),
    (2, 1, TIME '08:00', TIME '09:30', 2.00, TRUE),
    (2, 2, TIME '09:40', TIME '11:10', 2.00, TRUE),
    (2, 3, TIME '11:20', TIME '12:50', 2.00, TRUE),
    (2, 4, TIME '13:20', TIME '14:50', 2.00, TRUE),
    (2, 5, TIME '15:00', TIME '16:30', 2.00, TRUE),
    (2, 6, TIME '16:40', TIME '18:10', 2.00, TRUE),
    (3, 1, TIME '08:00', TIME '09:30', 2.00, TRUE),
    (3, 2, TIME '09:40', TIME '11:10', 2.00, TRUE),
    (3, 3, TIME '11:20', TIME '12:50', 2.00, TRUE),
    (3, 4, TIME '13:20', TIME '14:50', 2.00, TRUE),
    (3, 5, TIME '15:00', TIME '16:30', 2.00, TRUE),
    (3, 6, TIME '16:40', TIME '18:10', 2.00, TRUE),
    (4, 1, TIME '08:00', TIME '09:30', 2.00, TRUE),
    (4, 2, TIME '09:40', TIME '11:10', 2.00, TRUE),
    (4, 3, TIME '11:20', TIME '12:50', 2.00, TRUE),
    (4, 4, TIME '13:20', TIME '14:50', 2.00, TRUE),
    (4, 5, TIME '15:00', TIME '16:30', 2.00, TRUE),
    (4, 6, TIME '16:40', TIME '18:10', 2.00, TRUE),
    (5, 1, TIME '08:00', TIME '09:30', 2.00, TRUE),
    (5, 2, TIME '09:40', TIME '11:10', 2.00, TRUE),
    (5, 3, TIME '11:20', TIME '12:50', 2.00, TRUE),
    (5, 4, TIME '13:20', TIME '14:50', 2.00, TRUE),
    (5, 5, TIME '15:00', TIME '16:30', 2.00, TRUE),
    (5, 6, TIME '16:40', TIME '18:10', 2.00, TRUE),
    (6, 1, TIME '08:00', TIME '09:30', 2.00, TRUE),
    (6, 2, TIME '09:40', TIME '11:10', 2.00, TRUE),
    (6, 3, TIME '11:20', TIME '12:50', 2.00, TRUE),
    (6, 4, TIME '13:20', TIME '14:50', 2.00, TRUE),
    (6, 5, TIME '15:00', TIME '16:30', 2.00, TRUE),
    (6, 6, TIME '16:40', TIME '18:10', 2.00, TRUE)
ON CONFLICT (day_of_week, slot_number) DO NOTHING;

CREATE TEMP TABLE stg_legacy_teachers (
    last_name TEXT NOT NULL,
    first_name TEXT NOT NULL,
    middle_name TEXT,
    subjects_raw TEXT
) ON COMMIT DROP;

CREATE TEMP TABLE stg_legacy_groups (
    group_name TEXT NOT NULL,
    course_no SMALLINT NOT NULL
) ON COMMIT DROP;

CREATE TEMP TABLE stg_legacy_classrooms (
    room_name TEXT NOT NULL,
    floor_no SMALLINT NOT NULL,
    room_type_name TEXT NOT NULL
) ON COMMIT DROP;

CREATE TEMP TABLE stg_legacy_subjects (
    subject_name TEXT NOT NULL
) ON COMMIT DROP;

CREATE TEMP TABLE stg_legacy_curriculum (
    legacy_group_name TEXT NOT NULL,
    legacy_subject_name TEXT NOT NULL,
    theory_hours INTEGER NOT NULL,
    practice_hours INTEGER NOT NULL,
    semester_no SMALLINT NOT NULL
) ON COMMIT DROP;

INSERT INTO stg_legacy_teachers (
    last_name,
    first_name,
    middle_name,
    subjects_raw
)
VALUES
    ('Белгожаева', 'Турсунхан', 'Шареновна', 'Всемирная история, Философия, Право, Социология, Культурология'),
    ('Бидахметов', 'Агзам', 'Канатович', 'Технология пива, Контроль, Оборудование, Технология спирта, Безалкогольные напитки'),
    ('Галпай', 'Ұлжан', 'Әсенқызы', 'Казахский язык, Казахская литература'),
    ('Даукенов', 'Максат', 'Ерболұл', 'Интерфейсы, CMS'),
    ('Даулетқызы', 'Ақнұр', NULL, 'Технология, Контроль, Хлебное производство'),
    ('Джакуржеков', 'Бахыт', 'Сарсебекович', 'НВП, Учебно-полевые сборы'),
    ('Диханбаева', 'Динара', 'Жекебатыровна', 'Математика, Математический анализ, Методы оптимальных решений, Высшая математика'),
    ('Ерназар', 'Перизат', 'Галымбеккызы', 'CMS, Big Data, Мобильные приложения'),
    ('Есеналиева', 'Меруерт', 'Бакытжанкызы', 'Охрана труда, Санитария и гигиена, Пищевая безопасность, Микробиология, Технология, Оборудование'),
    ('Есимхан', 'Аянай', 'Даулеткызы', 'Базы данных, SQL, Серверные ОС, Виртуализация, Big Data, CMS'),
    ('Естаев', 'Данат', 'Болатович', 'Компьютерная графика, Визуальное программирование, Верстка портфолио'),
    ('Жакупова', 'Айгуль', 'Спатаевна', 'Информатика, Графика и проектирование'),
    ('Жанабил', 'Жулдыз', 'Жумабайкызы', 'Интерактивный дизайн'),
    ('Жеткiзгенкызы', 'Гулсая', NULL, 'Хлебное производство, Технология хлеба и макарон'),
    ('Жолымбекова', 'Айдана', 'Сайлаубеккызы', 'История Казахстана, Всемирная история, Философия'),
    ('Жузбаева', 'Бахытгуль', 'Алимхановна', 'Казахский язык и литература'),
    ('Жулкашева', 'Индира', 'Абайкызы', 'География, Биология'),
    ('Зинуллина', 'Ару', 'Елеусиновна', NULL),
    ('Ибрагимов', 'Ринат', 'Ришатович', 'Технология приготовления'),
    ('Искакова', 'Аружан', 'Дидаровна', NULL),
    ('Кабдулова', 'Айзат', 'Кабдулкызы', 'Иностранный язык, Профессиональный иностранный язык'),
    ('Кабымбаева', 'Жансулу', 'Мураткалиевна', 'Графика и проектирование'),
    ('Кадиров', 'Максат', 'Даржибаевич', NULL),
    ('Кайырбаева', 'Раушан', 'Елтаевна', 'Экономика'),
    ('Каким', 'Айдина', 'Дидаркызы', NULL),
    ('Калабаева', 'Гульжамал', 'Калдыбековна', 'Математика'),
    ('Кален', 'Жаксылык', 'Манатулы', 'НВП, Учебно-полевые сборы'),
    ('Камабекова', 'Динара', 'Оразхановна', 'Физическая культура'),
    ('Камалбеков', 'Мади', 'Куттыбекович', 'Банковские операции, Основы маркетинга'),
    ('Конысбаева', 'Райхан', 'Махмутовна', 'Модуль безопасности и микробиологии'),
    ('Куангалиева', 'Улпан', 'Сериккаликызы', 'Казахский язык и литература'),
    ('Кузенбай', 'Толганай', 'Мураткызы', 'Физика'),
    ('Курмангалиева', 'Алма', 'Болатбековна', 'Информатика, Основы ИКТ, Веб-порталы'),
    ('Мамытаев', 'Осет', 'Дюсекулы', 'Визуальное программирование, Верстка портфолио'),
    ('Мантай', 'Әсемгул', 'Шаймерденкызы', 'CMS'),
    ('Маратов', 'Диас', 'Ермекович', 'Интерфейсы, Программирование, Рефакторинг кода, CMS'),
    ('Масягина', 'Наталия', 'Геннадиевна', 'Иностранный язык'),
    ('Муканбеков', 'Кайрат', 'Избасарович', 'Физическая культура'),
    ('Муратова', 'Мединә', 'Мергенбайкызы', 'Технология, Контроль'),
    ('Муталиева', 'Адеми', 'Алдабергеновна', 'Информатика, Основы ИКТ, Веб-порталы, Компьютерная графика'),
    ('Мышан', 'Әділет', 'Берікұлы', 'Физическая культура'),
    ('Мырзакан', 'Гулнауат', 'Бериккызы', 'Интерактивный дизайн'),
    ('Нариманова', 'Актоты', 'Жардемгалиева', 'Биология, Химия, Физика'),
    ('Ниталиева', 'Айнур', 'Анатольевна', 'Экономика и предпринимательство'),
    ('Нургалиева', 'Назгул', 'Советовна', 'История Казахстана, Всемирная история, География'),
    ('Онгарова', 'Акмарал', NULL, 'Бухгалтерский учет, Финансовая отчетность, Экономический анализ'),
    ('Распутько', 'Кирилл', 'Денисович', NULL),
    ('Рахан', 'Шынгысхан', 'Кайратулы', 'Компьютерная графика, Интерактивный дизайн, Визуальное программирование, Верстка портфолио'),
    ('Рахимов', 'Артур', 'Джумагалиевич', 'Физическая культура'),
    ('Саметова', 'Кульпан', 'Толыбаевна', 'Технология приготовления'),
    ('Сардарова', 'Зарина', 'Исмаиловна', 'Русский язык и литература, Русский язык'),
    ('Сарина', 'Самал', 'Галымовна', 'Экономика и предпринимательство, Экономика IT, Экономика предприятия'),
    ('Сейтбекова', 'Асем', 'Кайратовна', 'Технология хлеба, Художественное оформление'),
    ('Сәкен', 'Әсем', 'Мураткызы', 'Охрана труда, Санитария, Микробиология, Физиология, Технология приготовления пищи'),
    ('Сетербаева', 'Гульназ', 'Мухамедханова', 'Охрана труда, Технология приготовления, Торговые расчеты'),
    ('Серикбаева', 'Аружан', 'Жанаткызы', 'Базы данных, Финансовые дисциплины'),
    ('Тайкпанова', 'Данара', 'Абдибаевна', 'Казахский язык и литература'),
    ('Тен', 'Ирина', 'Анатольевна', 'Русский язык, Русская литература'),
    ('Тулеубаева', 'Динара', 'Тургалиқызы', 'Этика деловых отношений, Профессиональная этика'),
    ('Усенгаликызы', 'Алия', NULL, 'Статистика, Аудит'),
    ('Халилов', 'Канат', 'Турсунбаевич', 'История Казахстана, Всемирная история, Философия, Право, Социология'),
    ('Шоманова', 'Ботагоз', 'Курбановна', 'Химия, Биология'),
    ('Ынтымак', 'Рыскелді', 'Серікбайуһұлы', 'CMS'),
    ('Юнусова', 'Кулзира', 'Аштаевна', 'Информатика, Основы ИКТ, Веб-порталы, Компьютерная графика');

INSERT INTO stg_legacy_groups (
    group_name,
    course_no
)
VALUES
    ('БУХ 1-1', 1),
    ('БУХ 1-2', 1),
    ('БУХ 1-3', 1),
    ('БД 1-1', 1),
    ('БД 1-2', 1),
    ('БД 1-3', 1),
    ('ОП1-1', 1),
    ('ОП1-2', 1),
    ('ТК1-1', 1),
    ('ТП1-1', 1),
    ('WEB1-1', 1),
    ('WEB1-2', 1),
    ('WEB1-3', 1),
    ('РПО1-1', 1),
    ('БУХ2-1', 2),
    ('БУХ2-2', 2),
    ('БУХ2-3', 2),
    ('БД2-1', 2),
    ('БД2-2', 2),
    ('ОП2-1', 2),
    ('ОП2-2', 2),
    ('ОП2-3', 2),
    ('ТК2-1', 2),
    ('ТХ2-1', 2),
    ('ТП2-1', 2),
    ('WEB2-1', 2),
    ('WEB2-2', 2),
    ('WEB2-3', 2),
    ('ИС2-1', 2),
    ('РПО2-1', 2),
    ('БУХ3-1', 3),
    ('БУХ3-2', 3),
    ('БД3-1', 3),
    ('БД3-2', 3),
    ('ОП3-1', 3),
    ('ОП3-2', 3),
    ('ОП3-3', 3),
    ('ТК3-1', 3),
    ('ТХ3-1', 3),
    ('ТП3-1', 3),
    ('WEB3-1', 3),
    ('WEB3-2', 3),
    ('WEB3-3', 3),
    ('WEB3-4', 3),
    ('WEB3-5', 3),
    ('РПО3-1', 3),
    ('ТХ4-1', 4),
    ('РПО4-1', 4),
    ('ОП4-1', 4),
    ('ТП4-1', 4),
    ('РПО4-2', 4);

INSERT INTO stg_legacy_classrooms (
    room_name,
    floor_no,
    room_type_name
)
VALUES
    ('101 кабинет', 1, 'Простой'),
    ('104 кабинет', 1, 'Простой'),
    ('113 кабинет', 1, 'Простой'),
    ('114 кабинет', 1, 'Простой'),
    ('115 кабинет', 1, 'Компьютерный'),
    ('116 кабинет', 1, 'Простой'),
    ('117 кабинет', 1, 'Простой'),
    ('118 кабинет', 1, 'Простой'),
    ('120 кабинет', 1, 'Компьютерный'),
    ('200 кабинет', 2, 'Простой'),
    ('201 кабинет', 2, 'Простой'),
    ('203 кабинет', 2, 'Простой'),
    ('208 кабинет', 2, 'Простой'),
    ('209 кабинет', 2, 'Простой'),
    ('210 кабинет', 2, 'Простой'),
    ('211 кабинет', 2, 'Простой'),
    ('212 кабинет', 2, 'Простой'),
    ('213 кабинет', 2, 'Простой'),
    ('218 кабинет', 2, 'Компьютерный'),
    ('220 кабинет', 2, 'Компьютерный'),
    ('222 кабинет', 2, 'Компьютерный'),
    ('224 кабинет', 2, 'Компьютерный'),
    ('300 кабинет', 3, 'Простой'),
    ('301 кабинет', 3, 'Простой'),
    ('302 кабинет', 3, 'Простой'),
    ('303 кабинет', 3, 'Простой'),
    ('304 кабинет', 3, 'Простой'),
    ('306 кабинет', 3, 'Простой'),
    ('308 кабинет', 3, 'Простой'),
    ('309 кабинет', 3, 'Простой'),
    ('310 кабинет', 3, 'Простой'),
    ('311 кабинет', 3, 'Компьютерный'),
    ('312 кабинет', 3, 'Простой'),
    ('316 кабинет', 3, 'Простой'),
    ('320 кабинет', 3, 'Компьютерный'),
    ('322 кабинет', 3, 'Компьютерный'),
    ('324 кабинет', 3, 'Компьютерный');

INSERT INTO stg_legacy_subjects (subject_name)
VALUES
    ('Русский язык'),
    ('Русская литература'),
    ('Казахский язык'),
    ('Казахский язык и литература'),
    ('Казахская литература'),
    ('Иностранный язык'),
    ('История Казахстана'),
    ('Всемирная история'),
    ('Математика'),
    ('Высшая математика'),
    ('Химия'),
    ('Физика'),
    ('Биология'),
    ('География'),
    ('Информатика'),
    ('НВП'),
    ('Физическая культура'),
    ('Дене шынықтыру'),
    ('Дене тәрбиесі'),
    ('Этика деловых отношений'),
    ('Профессиональная этика'),
    ('Глобальные компетенции'),
    ('Философия'),
    ('Право'),
    ('Социология'),
    ('Культурология'),
    ('Экономика'),
    ('Экономика организации'),
    ('Экономика предприятия'),
    ('Кәсіпорын экономикасы'),
    ('Өндіріс экономикасы'),
    ('Высшая математика'),
    ('Статистика'),
    ('Налоги'),
    ('Бухгалтерский учет'),
    ('Финансовый учет'),
    ('Аудит'),
    ('1С'),
    ('Бухгалтерский учет негіздері'),
    ('Саудалық есептеулер'),
    ('Экономикалық талдау'),
    ('Қаржылық есептілікті талдау'),
    ('Предпринимательство'),
    ('ИТ в профессиональной деятельности'),
    ('Информационные технологии'),
    ('Веб-порталы'),
    ('Оборудование'),
    ('ПМ 01 Охрана труда'),
    ('ПМ 01 Санитария и гигиена'),
    ('ПМ 01 Пищевая безопасность'),
    ('ПМ 01 Микробиология'),
    ('ПМ 02 Сырье'),
    ('ПМ 02 Технология'),
    ('ПМ 02 Оборудование'),
    ('КМ 01 Охрана труда'),
    ('КМ 01 Санитарная гигиена'),
    ('КМ 01 Контроль'),
    ('КМ 01 Микробиология'),
    ('КМ 01 Физиология'),
    ('КМ 02 Технология приготовления пищи'),
    ('ПМ 04-05 Технология приготовления'),
    ('ПМ 04-07 Технология приготовления'),
    ('Технология хлеба'),
    ('Художественное оформление'),
    ('Безалкогольные напитки'),
    ('Технология пива'),
    ('Технология спирта'),
    ('Технохимический контроль'),
    ('Нан өндірісі'),
    ('Нан, макарон технологиясы'),
    ('Кәсіби орыс тілі'),
    ('Кәсіби шет тілі'),
    ('Интерактивный дизайн'),
    ('Визуальное программирование'),
    ('Верстка портфолио'),
    ('ОН 3.1 Интерактивті дизайн'),
    ('ОН 3.2 Визуалды бағдарламалау'),
    ('ОН 3.3 Портфолио беттеу'),
    ('ОН 3.1 Экономика және кәсіпкерлік'),
    ('ОН 3.2 Экономика және кәсіпкерлік'),
    ('ОН 3.3 Экономика және кәсіпкерлік'),
    ('ОН 3.4 Кәсіби этика'),
    ('ОН 3.1 Экономика'),
    ('ОН 3.2 Экономика'),
    ('ОН 3.3 Экономика'),
    ('ОН 3.4 Этика'),
    ('ОН 3.1 Серверлік ОЖ'),
    ('ОН 3.2 Серверлік ОЖ'),
    ('ОН 3.3 Серверлік ОЖ'),
    ('ОН 4.1 Виртуалдандыру'),
    ('ОН 4.2 Виртуалдандыру'),
    ('ОН 4.1 Банковские операции'),
    ('ОН 4.2 Страховое дело'),
    ('ОН 8.1 CMS'),
    ('ОН 8.2 Шаблоны и плагины'),
    ('ОН 1.1'),
    ('ОН 1.2'),
    ('ОН 4.1'),
    ('ОН 4.2'),
    ('ОН 4.3'),
    ('ОН 4.4'),
    ('РО 2.1'),
    ('РО 2.2'),
    ('РО 2.3'),
    ('РО 2.4'),
    ('РО 2.5'),
    ('РО 2.6'),
    ('РО 3.1'),
    ('РО 3.2'),
    ('РО 3.3'),
    ('РО 4.1'),
    ('РО 4.2'),
    ('РО 4.3'),
    ('РО 4.4'),
    ('РО 1.1'),
    ('РО 3.1 Экономика и предпринимательство'),
    ('РО 3.2 Экономика и предпринимательство'),
    ('РО 3.3 Экономика и предпринимательство'),
    ('РО 3.4 Экономика и предпринимательство'),
    ('РО 3.1 Экономика'),
    ('РО 3.2 Экономика'),
    ('РО 3.3 Экономика'),
    ('РО 3.4 Этика'),
    ('РО 4.1 Базы данных'),
    ('РО 4.2 Базы данных'),
    ('РО 4.3 SQL-запросы'),
    ('РО 5.1 Интерфейсы'),
    ('РО 5.2 Интерфейсы'),
    ('РО 4.1 Сырье'),
    ('РО 4.2 Технология'),
    ('РО 4.1 Технология пива'),
    ('РО 4.2 Контроль'),
    ('РО 4.3 Оборудование'),
    ('РО 7.1 Программирование'),
    ('РО 7.2 Программирование'),
    ('РО 8.1 CMS'),
    ('РО 8.2 Шаблоны и плагины'),
    ('РО 8.1 Рефакторинг кода'),
    ('РО 8.2 Рефакторинг кода'),
    ('РО 9.1 Big Data'),
    ('РО 9.2 Big Data'),
    ('РО 9.3 Big Data'),
    ('РО 10.1 Микроконтроллеры'),
    ('РО 10.2 Микроконтроллеры'),
    ('РО 11.1 Мобильные приложения'),
    ('РО 11.2 Мобильные приложения'),
    ('РО 11.3 Мобильные приложения'),
    ('РО 11.4 Мобильные приложения'),
    ('РО 11.5 Мобильные приложения'),
    ('РО 2.1 Базы данных'),
    ('РО 2.2 Базы данных'),
    ('РО 2.3 Базы данных'),
    ('РО 3.1 Микроконтроллеры'),
    ('РО 3.2 Микроконтроллеры'),
    ('РО 3.3 Микроконтроллеры'),
    ('РО 4.1 Мобильные приложения'),
    ('РО 4.2 Мобильные приложения'),
    ('РО 4.3 Мобильные приложения'),
    ('РО 5.1 Экономика IT'),
    ('РО 4.1'),
    ('РО 4.2');

INSERT INTO stg_legacy_curriculum (
    legacy_group_name,
    legacy_subject_name,
    theory_hours,
    practice_hours,
    semester_no
)
VALUES
    ('БД 1-1', 'Математика', 48, 0, 1),
    ('БД 1-1', 'Информатика', 48, 48, 1),
    ('БД 1-1', 'Казахский язык', 48, 0, 1),
    ('БД 1-1', 'Казахская литература', 48, 0, 1),
    ('БД 1-1', 'Русский язык', 72, 72, 1),
    ('БД 1-1', 'Иностранный язык', 48, 48, 1),
    ('БД 1-1', 'История Казахстана', 48, 0, 1),
    ('БД 1-1', 'Физическая культура', 48, 48, 1),
    ('БД 1-1', 'НВП (АӘТД)', 36, 36, 1),
    ('БД 1-1', 'Биология', 24, 0, 1),
    ('БД 1-1', 'Всемирная история', 24, 0, 1),
    ('БД 1-1', 'География', 48, 0, 1),
    ('БД 1-1', 'Физика', 24, 0, 1),
    ('БД 1-1', 'Химия', 48, 0, 1),
    ('БД 1-1', 'Основы ИКТ (ОН 2.1)', 0, 60, 1),
    ('БД 1-1', 'Веб-порталы (ОН 2.2)', 0, 12, 1),
    ('БД 1-2', 'Математика', 48, 0, 1),
    ('БД 1-2', 'Информатика', 48, 48, 1),
    ('БД 1-2', 'История Казахстана', 48, 0, 1),
    ('БД 1-2', 'Физическая культура', 48, 48, 1),
    ('БД 1-2', 'Всемирная история', 24, 0, 1),
    ('БД 1-2', 'География', 48, 0, 1),
    ('БД 1-2', 'Химия', 24, 0, 1),
    ('БД 1-3', 'Математика', 48, 0, 1),
    ('БД 1-3', 'Информатика', 48, 48, 1),
    ('БД 1-3', 'Русский язык', 48, 0, 1),
    ('БД 1-3', 'Русская литература', 48, 0, 1),
    ('БД 1-3', 'Казахская литература', 72, 72, 1),
    ('БД 1-3', 'Иностранный язык', 48, 48, 1),
    ('БД 1-3', 'История Казахстана', 48, 0, 1),
    ('БД 1-3', 'Физическая культура', 48, 48, 1),
    ('БД 1-3', 'НВП (АӘТД)', 36, 36, 1),
    ('БД 1-3', 'Биология', 24, 0, 1),
    ('БД 1-3', 'Всемирная история', 24, 0, 1),
    ('БД 1-3', 'География', 48, 0, 1),
    ('БД 1-3', 'Физика', 24, 0, 1),
    ('БД 1-3', 'Химия', 48, 0, 1),
    ('БД 1-3', 'Основы ИКТ (ОН 2.1)', 60, 60, 1),
    ('БД 1-3', 'Веб-порталы (РО 2.2)', 12, 12, 1),
    ('WEB1-1', 'Қазақ тілі', 48, 0, 1),
    ('WEB1-1', 'Қазақ әдебиеті', 48, 0, 1),
    ('WEB1-1', 'Орыс тілі және әдебиеті', 48, 48, 1),
    ('WEB1-1', 'Шетел тілі', 48, 48, 1),
    ('WEB1-1', 'Қазақстан тарихы', 24, 0, 1),
    ('WEB1-1', 'Математика', 72, 0, 1),
    ('WEB1-1', 'Информатика', 24, 24, 1),
    ('WEB1-1', 'Физика', 48, 0, 1),
    ('WEB1-1', 'Химия', 48, 0, 1),
    ('WEB1-1', 'Биология', 24, 0, 1),
    ('WEB1-1', 'Графика және жобалау', 36, 0, 1),
    ('WEB1-1', 'НВП', 36, 0, 1),
    ('WEB1-1', 'Дене тәрбиесі', 48, 48, 1),
    ('WEB1-1', 'КМ 01', 24, 72, 1),
    ('WEB1-2', 'КМ 01', 24, 72, 1),
    ('WEB1-2', 'Биология', 24, 0, 1),
    ('WEB1-2', 'Дене тәрбиесі', 48, 48, 1),
    ('WEB1-2', 'Қазақ тілі', 48, 0, 1),
    ('WEB1-2', 'Қазақ әдебиеті', 48, 0, 1),
    ('WEB1-2', 'Орыс тілі және әдебиеті', 48, 48, 1),
    ('WEB1-2', 'Шетел тілі', 48, 48, 1),
    ('WEB1-2', 'Қазақстан тарихы', 24, 0, 1),
    ('WEB1-2', 'Математика', 72, 0, 1),
    ('WEB1-2', 'Информатика', 24, 24, 1),
    ('WEB1-2', 'Физика', 48, 0, 1),
    ('WEB1-2', 'Химия', 48, 0, 1),
    ('WEB1-2', 'Графика және жобалау', 36, 0, 1),
    ('WEB1-2', 'НВП', 36, 0, 1),
    ('WEB1-3', 'НВП', 36, 0, 1),
    ('WEB1-3', 'Русский язык', 48, 0, 1),
    ('WEB1-3', 'Русская литература', 48, 0, 1),
    ('WEB1-3', 'Казахский язык', 48, 0, 1),
    ('WEB1-3', 'Иностранный язык', 48, 0, 1),
    ('WEB1-3', 'История Казахстана', 24, 0, 1),
    ('WEB1-3', 'Всемирная история', 24, 0, 1),
    ('WEB1-3', 'Математика', 72, 0, 1),
    ('WEB1-3', 'Информатика', 24, 24, 1),
    ('WEB1-3', 'Физика', 48, 0, 1),
    ('WEB1-3', 'Химия', 48, 0, 1),
    ('WEB1-3', 'Биология', 24, 0, 1),
    ('WEB1-3', 'Графика и проектирование', 36, 0, 1),
    ('WEB1-3', 'Учебно-полевые сборы', 36, 36, 1),
    ('WEB1-3', 'Физическая культура', 48, 48, 1),
    ('WEB1-3', 'ПМ 01', 24, 72, 1),
    ('РПО1-1', 'ПМ 01', 24, 72, 1),
    ('РПО1-1', 'Математика', 24, 72, 1),
    ('РПО1-1', 'Биология', 24, 72, 1),
    ('РПО1-1', 'Начальная военная подготовка', 24, 72, 1),
    ('РПО1-1', 'Учебно-полевые сборы', 24, 72, 1),
    ('РПО1-1', 'Физическая культура', 24, 72, 1),
    ('РПО1-1', 'РО 1.1', 24, 72, 1),
    ('РПО1-1', 'РО 2.1', 24, 72, 1),
    ('РПО1-1', 'НВП', 36, 0, 1),
    ('РПО1-1', 'Русский язык', 48, 0, 1),
    ('РПО1-1', 'Русская литература', 48, 0, 1),
    ('РПО1-1', 'Казахский язык', 48, 0, 1),
    ('РПО1-1', 'Иностранный язык', 48, 0, 1),
    ('РПО1-1', 'История Казахстана', 24, 0, 1),
    ('РПО1-1', 'Всемирная история', 24, 0, 1),
    ('РПО1-1', 'Физика', 48, 0, 1),
    ('РПО1-1', 'Химия', 48, 0, 1),
    ('ТК1-1', 'Русский язык', 48, 0, 1),
    ('ТК1-1', 'Казахский язык и литература', 48, 48, 1),
    ('ТК1-1', 'История Казахстана', 24, 0, 1),
    ('ТК1-1', 'Математика', 72, 0, 1),
    ('ТК1-1', 'Химия', 96, 0, 1),
    ('ТК1-1', 'НВП', 12, 0, 1),
    ('ТК1-1', 'Физическая культура', 0, 48, 1),
    ('ТК1-1', 'ПМ 01 Охрана труда', 36, 0, 1),
    ('ТК1-1', 'ПМ 01 Санитария и гигиена', 36, 0, 1),
    ('ТК1-1', 'ПМ 01 Пищевая безопасность', 48, 0, 1),
    ('ТК1-1', 'ПМ 01 Микробиология', 72, 0, 1),
    ('ТК1-1', 'ПМ 02 Сырье', 24, 0, 1),
    ('ТК1-1', 'ПМ 02 Технология', 24, 48, 1),
    ('ТК1-1', 'ПМ 02 Оборудование', 12, 0, 1),
    ('ТП1-1', 'Русский язык', 48, 0, 1),
    ('ТП1-1', 'Русская литература', 48, 0, 1),
    ('ТП1-1', 'Иностранный язык', 0, 48, 1),
    ('ТП1-1', 'История Казахстана', 24, 0, 1),
    ('ТП1-1', 'Всемирная история', 24, 0, 1),
    ('ТП1-1', 'Математика', 72, 0, 1),
    ('ТП1-1', 'Информатика', 0, 24, 1),
    ('ТП1-1', 'Физика', 24, 0, 1),
    ('ТП1-1', 'Химия', 48, 0, 1),
    ('ТП1-1', 'Биология', 24, 0, 1),
    ('ТП1-1', 'НВП', 12, 0, 1),
    ('ТП1-1', 'Физическая культура', 0, 48, 1),
    ('ТП1-1', 'ПМ 01 Охрана труда', 36, 0, 1),
    ('ТП1-1', 'ПМ 01 Санитария и гигиена', 36, 0, 1),
    ('ТП1-1', 'ПМ 01 Пищевая безопасность', 48, 0, 1),
    ('ТП1-1', 'ПМ 01 Микробиология', 36, 0, 1),
    ('ОП1-1', 'Казахская литература', 48, 0, 1),
    ('ОП1-1', 'Русский язык', 0, 48, 1),
    ('ОП1-1', 'История Казахстана', 24, 0, 1),
    ('ОП1-1', 'Математика', 72, 0, 1),
    ('ОП1-1', 'Биология', 72, 0, 1),
    ('ОП1-1', 'География', 96, 0, 1),
    ('ОП1-1', 'НВП', 12, 0, 1),
    ('ОП1-1', 'Физическая культура', 0, 48, 1),
    ('ОП1-1', 'КМ 01 Охрана труда', 48, 0, 1),
    ('ОП1-1', 'КМ 01 Санитарная гигиена', 24, 0, 1),
    ('ОП1-1', 'КМ 01 Контроль', 24, 0, 1),
    ('ОП1-1', 'КМ 01 Микробиология', 24, 0, 1),
    ('ОП1-1', 'КМ 01 Физиология', 36, 0, 1),
    ('ОП1-1', 'КМ 02 Технология приготовления пищи', 32, 56, 1),
    ('ОП1-2', 'Математика', 72, 0, 1),
    ('ОП1-2', 'География', 96, 0, 1),
    ('ОП1-2', 'Биология', 72, 0, 1),
    ('ОП1-2', 'ПМ 01 Охрана труда', 48, 0, 1),
    ('ОП1-2', 'ПМ 01 Санитарная гигиена', 24, 0, 1),
    ('ОП1-2', 'ПМ 01 Контроль', 24, 0, 1),
    ('ОП1-2', 'ПМ 01 Микробиология', 24, 0, 1),
    ('ОП1-2', 'ПМ 01 Физиология', 36, 0, 1),
    ('ОП1-2', 'ПМ 02 Технология приготовления', 80, 56, 1),
    ('ОП1-2', 'Казахская литература', 48, 0, 1),
    ('ОП1-2', 'Русский язык', 0, 48, 1),
    ('ОП1-2', 'История Казахстана', 24, 0, 1),
    ('ОП1-2', 'Физика', 24, 0, 1),
    ('ОП1-2', 'НВП', 12, 0, 1),
    ('ОП1-2', 'Физическая культура', 0, 48, 1),
    ('БУХ1-1', 'Математика', 48, 0, 1),
    ('БУХ1-1', 'Казахский язык', 72, 0, 1),
    ('БУХ1-1', 'Русский язык', 48, 0, 1),
    ('БУХ1-1', 'Иностранный язык', 0, 48, 1),
    ('БУХ1-1', 'История Казахстана', 48, 0, 1),
    ('БУХ1-1', 'Всемирная история', 24, 0, 1),
    ('БУХ1-1', 'География', 36, 0, 1),
    ('БУХ1-1', 'Биология', 24, 0, 1),
    ('БУХ1-1', 'НВП', 36, 0, 1),
    ('БУХ1-1', 'РО 3.1 Экономика и предпринимательство', 36, 0, 1),
    ('БУХ1-1', 'РО 3.2 Экономика и предпринимательство', 60, 0, 1),
    ('БУХ1-1', 'РО 3.3 Экономика и предпринимательство', 48, 0, 1),
    ('БУХ1-1', 'РО 3.4 Экономика и предпринимательство', 36, 0, 1),
    ('БУХ1-1', 'Этика деловых отношений', 24, 0, 1),
    ('БУХ1-2', 'Математика', 48, 0, 1),
    ('БУХ1-2', 'Казахский язык', 72, 0, 1),
    ('БУХ1-2', 'Русский язык', 72, 0, 1),
    ('БУХ1-2', 'Иностранный язык', 0, 48, 1),
    ('БУХ1-2', 'История Казахстана', 48, 0, 1),
    ('БУХ1-2', 'Всемирная история', 24, 0, 1),
    ('БУХ1-2', 'География', 36, 0, 1),
    ('БУХ1-2', 'Биология', 24, 0, 1),
    ('БУХ1-2', 'НВП', 36, 0, 1),
    ('БУХ1-2', 'РО 3.1 Экономика и предпринимательство', 36, 0, 1),
    ('БУХ1-2', 'РО 3.2 Экономика и предпринимательство', 60, 0, 1),
    ('БУХ1-2', 'РО 3.3 Экономика и предпринимательство', 48, 0, 1),
    ('БУХ1-2', 'РО 3.4 Экономика и предпринимательство', 36, 0, 1),
    ('БУХ1-2', 'Этика деловых отношений', 24, 0, 1),
    ('БУХ1-3', 'Математика', 48, 0, 1),
    ('БУХ1-3', 'Казахский язык', 72, 0, 1),
    ('БУХ1-3', 'Русский язык', 72, 0, 1),
    ('БУХ1-3', 'Иностранный язык', 0, 48, 1),
    ('БУХ1-3', 'История Казахстана', 48, 0, 1),
    ('БУХ1-3', 'Всемирная история', 24, 0, 1),
    ('БУХ1-3', 'География', 36, 0, 1),
    ('БУХ1-3', 'Биология', 24, 0, 1),
    ('БУХ1-3', 'НВП', 36, 0, 1),
    ('БУХ1-3', 'РО 3.1 Экономика и предпринимательство', 36, 0, 1),
    ('БУХ1-3', 'РО 3.2 Экономика и предпринимательство', 60, 0, 1),
    ('БУХ1-3', 'РО 3.3 Экономика и предпринимательство', 48, 0, 1),
    ('БУХ1-3', 'РО 3.4 Экономика и предпринимательство', 36, 0, 1),
    ('БУХ1-3', 'Этика деловых отношений', 24, 0, 1),
    ('WEB2-1', 'Дене шынықтыру', 24, 0, 1),
    ('WEB2-1', 'ОН 3.1 Экономика және кәсіпкерлік', 28, 8, 1),
    ('WEB2-1', 'ОН 3.2 Экономика және кәсіпкерлік', 18, 8, 1),
    ('WEB2-1', 'ОН 3.3 Экономика және кәсіпкерлік', 20, 16, 1),
    ('WEB2-1', 'ОН 3.4 Кәсіби этика', 8, 4, 1),
    ('WEB2-1', 'ОН 3.1 Интерактивті дизайн', 84, 60, 1),
    ('WEB2-1', 'ОН 3.2 Визуалды бағдарламалау', 24, 24, 1),
    ('WEB2-1', 'ОН 3.3 Портфолио беттеу', 48, 48, 1),
    ('WEB2-2', 'Дене шынықтыру', 24, 0, 1),
    ('WEB2-2', 'ОН 3.1 Интерактивті дизайн', 84, 60, 1),
    ('WEB2-2', 'ОН 3.2 Визуалды бағдарламалау', 24, 24, 1),
    ('WEB2-2', 'ОН 3.3 Портфолио беттеу', 48, 48, 1),
    ('WEB2-2', 'ОН 3.1 Экономика және кәсіпкерлік', 28, 8, 1),
    ('WEB2-2', 'ОН 3.2 Экономика және кәсіпкерлік', 18, 8, 1),
    ('WEB2-2', 'ОН 3.3 Экономика және кәсіпкерлік', 20, 16, 1),
    ('WEB2-2', 'ОН 3.4 Кәсіби этика', 8, 4, 1),
    ('WEB2-3', 'Физическая культура', 24, 0, 1),
    ('WEB2-3', 'РО 3.1 Экономика и предпринимательство', 28, 8, 1),
    ('WEB2-3', 'РО 3.2 Экономика и предпринимательство', 18, 8, 1),
    ('WEB2-3', 'РО 3.3 Экономика и предпринимательство', 20, 16, 1),
    ('WEB2-3', 'Профессиональная этика', 8, 4, 1),
    ('WEB2-3', 'Интерактивный дизайн', 84, 60, 1),
    ('WEB2-3', 'Визуальное программирование', 24, 24, 1),
    ('WEB2-3', 'Верстка портфолио', 48, 48, 1),
    ('БД2-1', 'ОН 1.1', 24, 36, 1),
    ('БД2-1', 'ОН 1.2', 24, 36, 1),
    ('БД2-1', 'ОН 4.1', 24, 0, 1),
    ('БД2-1', 'ОН 4.2', 24, 0, 1),
    ('БД2-1', 'ОН 4.3', 24, 0, 1),
    ('БД2-1', 'ОН 4.4', 24, 0, 1),
    ('БД2-1', 'РО 2.1', 48, 0, 1),
    ('БД2-1', 'РО 2.2', 24, 0, 1),
    ('БД2-1', 'РО 2.3', 24, 0, 1),
    ('БД2-1', 'РО 2.4', 48, 0, 1),
    ('БД2-1', 'РО 2.5', 48, 0, 1),
    ('БД2-1', 'РО 2.6', 72, 0, 1),
    ('БД2-1', 'РО 3.1', 48, 0, 1),
    ('БД2-1', 'РО 3.2', 24, 0, 1),
    ('БД2-1', 'РО 3.3', 72, 0, 1),
    ('БД2-1', 'РО 4.1', 60, 0, 1),
    ('БД2-1', 'РО 4.2', 48, 0, 1),
    ('БД2-1', 'РО 4.3', 60, 0, 1),
    ('БД2-1', 'РО 4.4', 72, 0, 1),
    ('РПО2-1', 'РО 3.1 Экономика', 40, 8, 1),
    ('РПО2-1', 'РО 3.2 Экономика', 24, 12, 1),
    ('РПО2-1', 'РО 3.3 Экономика', 36, 12, 1),
    ('РПО2-1', 'РО 3.4 Этика', 20, 4, 1),
    ('РПО2-1', 'РО 4.1 Базы данных', 24, 48, 1),
    ('РПО2-1', 'РО 4.2 Базы данных', 20, 56, 1),
    ('РПО2-1', 'РО 4.3 SQL-запросы', 0, 72, 1),
    ('РПО2-1', 'РО 5.1 Интерфейсы', 30, 36, 1),
    ('РПО2-1', 'РО 5.2 Интерфейсы', 18, 36, 1),
    ('РПО2-1', 'Физическая культура', 0, 48, 1),
    ('ИС2-1', 'География', 24, 0, 1),
    ('ИС2-1', 'Физкультура', 0, 48, 1),
    ('ИС2-1', 'ОН 3.1 Экономика', 40, 8, 1),
    ('ИС2-1', 'ОН 3.2 Экономика', 26, 10, 1),
    ('ИС2-1', 'ОН 3.3 Экономика', 42, 6, 1),
    ('ИС2-1', 'ОН 3.4 Этика', 20, 4, 1),
    ('ИС2-1', 'ОН 3.1 Серверлік ОЖ', 36, 48, 1),
    ('ИС2-1', 'ОН 3.2 Серверлік ОЖ', 36, 72, 1),
    ('ИС2-1', 'ОН 3.3 Серверлік ОЖ', 24, 48, 1),
    ('ИС2-1', 'ОН 4.1 Виртуалдандыру', 36, 72, 1),
    ('ИС2-1', 'ОН 4.2 Виртуалдандыру', 0, 120, 1),
    ('ТК2-1', 'Физическая культура', 0, 48, 1),
    ('ТК2-1', 'Информационные технологии', 0, 96, 1),
    ('ТК2-1', 'Веб-порталы', 0, 24, 1),
    ('ТК2-1', 'РО 4.1 Сырье', 24, 0, 1),
    ('ТК2-1', 'РО 4.2 Технология', 96, 120, 1),
    ('ТК2-1', 'Оборудование', 36, 0, 1),
    ('ТХ2-1', 'Дене тәрбиесі', 0, 48, 1),
    ('ТХ2-1', 'ОН 3.1 Технология', 96, 168, 1),
    ('ТХ2-1', 'ОН 3.2 Технология', 48, 48, 1),
    ('ТХ2-1', 'ОН 3.3 Контроль', 48, 0, 1),
    ('ТХ2-1', 'ОН 3.4 Жабдық', 84, 0, 1),
    ('ОП2-1', 'Глобальные компетенции', 24, 0, 1),
    ('ОП2-1', 'Физическая культура', 0, 48, 1),
    ('ОП2-1', 'ИТ в профессиональной деятельности', 0, 60, 1),
    ('ОП2-1', 'ПМ 04-05 Технология приготовления', 0, 0, 1),
    ('ОП2-2', 'Глобальные компетенции', 24, 0, 1),
    ('ОП2-2', 'Физическая культура', 0, 48, 1),
    ('ОП2-2', 'ИТ в профессиональной деятельности', 0, 60, 1),
    ('ОП2-2', 'ПМ 04-05 Технология приготовления', 0, 0, 1),
    ('ОП2-3', 'Глобальные компетенции', 24, 0, 1),
    ('ОП2-3', 'Физическая культура', 0, 48, 1),
    ('ОП2-3', 'ИТ в профессиональной деятельности', 0, 60, 1),
    ('ОП2-3', 'ПМ 04-05 Технология приготовления', 0, 0, 1),
    ('ТП2-1', 'Экономика', 48, 0, 1),
    ('ТП2-1', 'Предпринимательство', 36, 0, 1),
    ('ТП2-1', 'Этика', 36, 0, 1),
    ('ТП2-1', 'РО 4.1 Технология пива', 96, 96, 1),
    ('ТП2-1', 'РО 4.2 Контроль', 48, 0, 1),
    ('ТП2-1', 'РО 4.3 Оборудование', 48, 0, 1),
    ('БУХ2-1', 'Дене тәрбиесі', 36, 0, 1),
    ('БУХ2-1', 'Высшая математика', 36, 0, 1),
    ('БУХ2-1', 'Экономика организации', 48, 0, 1),
    ('БУХ2-1', 'Статистика', 48, 0, 1),
    ('БУХ2-1', 'Налоги', 60, 0, 1),
    ('БУХ2-1', 'Бухгалтерский учет', 48, 0, 1),
    ('БУХ2-1', 'Финансовый учет', 48, 0, 1),
    ('БУХ2-1', 'Аудит', 24, 0, 1),
    ('БУХ2-1', '1С', 48, 0, 1),
    ('БУХ2-2', 'Физическая культура', 36, 0, 1),
    ('БУХ2-2', 'Высшая математика', 36, 0, 1),
    ('БУХ2-2', 'Экономика организации', 48, 0, 1),
    ('БУХ2-2', 'Статистика', 48, 0, 1),
    ('БУХ2-2', 'Налоги', 60, 0, 1),
    ('БУХ2-2', 'Бухгалтерский учет', 48, 0, 1),
    ('БУХ2-2', 'Финансовый учет', 48, 0, 1),
    ('БУХ2-2', 'Аудит', 24, 0, 1),
    ('БУХ2-2', '1С', 48, 0, 1),
    ('БУХ2-3', 'Физическая культура', 36, 0, 1),
    ('БУХ2-3', 'Высшая математика', 36, 0, 1),
    ('БУХ2-3', 'Экономика организации', 48, 0, 1),
    ('БУХ2-3', 'Статистика', 48, 0, 1),
    ('БУХ2-3', 'Налоги', 60, 0, 1),
    ('БУХ2-3', 'Бухгалтерский учет', 48, 0, 1),
    ('БУХ2-3', 'Финансовый учет', 48, 0, 1),
    ('БУХ2-3', 'Аудит', 24, 0, 1),
    ('БУХ2-3', '1С', 48, 0, 1),
    ('WEB3-1', 'ОН 8.1 CMS', 12, 72, 1),
    ('WEB3-1', 'ОН 8.2 Шаблоны и плагины', 0, 72, 1),
    ('WEB3-1', 'Физическая культура', 0, 48, 1),
    ('WEB3-2', 'ОН 8.1 CMS', 12, 72, 1),
    ('WEB3-2', 'ОН 8.2 Шаблоны и плагины', 0, 72, 1),
    ('WEB3-2', 'Физическая культура', 0, 48, 1),
    ('WEB3-3', 'РО 8.1 CMS', 12, 72, 1),
    ('WEB3-3', 'РО 8.2 Шаблоны и плагины', 0, 72, 1),
    ('WEB3-3', 'Физическая культура', 0, 48, 1),
    ('WEB3-4', 'РО 8.1 CMS', 12, 72, 1),
    ('WEB3-4', 'РО 8.2 Шаблоны и плагины', 0, 72, 1),
    ('WEB3-4', 'Физическая культура', 0, 48, 1),
    ('WEB3-5', 'РО 8.1 CMS', 12, 72, 1),
    ('WEB3-5', 'РО 8.2 Шаблоны и плагины', 0, 72, 1),
    ('WEB3-5', 'Физическая культура', 0, 48, 1),
    ('РПО3-1', 'РО 7.1 Программирование', 24, 0, 1),
    ('РПО3-1', 'РО 7.2 Программирование', 48, 0, 1),
    ('РПО3-1', 'РО 8.1 Рефакторинг кода', 24, 0, 1),
    ('РПО3-1', 'РО 8.2 Рефакторинг кода', 24, 0, 1),
    ('РПО3-1', 'РО 9.1 Big Data', 48, 0, 1),
    ('РПО3-1', 'РО 9.2 Big Data', 48, 0, 1),
    ('РПО3-1', 'РО 9.3 Big Data', 96, 0, 1),
    ('РПО3-1', 'РО 10.1 Микроконтроллеры', 24, 24, 1),
    ('РПО3-1', 'РО 10.2 Микроконтроллеры', 36, 24, 1),
    ('РПО3-1', 'РО 11.1 Мобильные приложения', 0, 48, 1),
    ('РПО3-1', 'РО 11.2 Мобильные приложения', 0, 48, 1),
    ('РПО3-1', 'РО 11.3 Мобильные приложения', 0, 48, 1),
    ('РПО3-1', 'РО 11.4 Мобильные приложения', 0, 48, 1),
    ('РПО3-1', 'РО 11.5 Мобильные приложения', 0, 48, 1),
    ('ТК3-1', 'Технология хлеба', 36, 72, 1),
    ('ТК3-1', 'Художественное оформление', 24, 120, 1),
    ('ТХ3-1', 'Кәсіби орыс тілі', 0, 36, 1),
    ('ТХ3-1', 'Кәсіби шет тілі', 0, 36, 1),
    ('ТХ3-1', 'Нан өндірісі', 64, 272, 1),
    ('ОП3-1', 'ПМ 04-07 Технология приготовления', 0, 0, 1),
    ('ОП3-2', 'ПМ 04-07 Технология приготовления', 0, 0, 1),
    ('ОП3-3', 'ПМ 04-07 Технология приготовления', 0, 0, 1),
    ('ТП3-1', 'Безалкогольные напитки', 60, 36, 1),
    ('ТП3-1', 'Оборудование', 60, 0, 1),
    ('БУХ3-1', 'Экономикалық талдау', 72, 0, 1),
    ('БУХ3-1', 'Қаржылық есептілікті талдау', 60, 0, 1),
    ('БУХ3-1', 'Дене тәрбиесі', 12, 0, 1),
    ('БУХ3-2', 'Экономикалық талдау', 72, 0, 1),
    ('БУХ3-2', 'Қаржылық есептілікті талдау', 60, 0, 1),
    ('БУХ3-2', 'Дене тәрбиесі', 12, 0, 1),
    ('БД3-1', 'ОН 1.1', 12, 72, 1),
    ('БД3-1', 'ОН 4.1 Банковские операции', 120, 0, 1),
    ('БД3-1', 'ОН 4.2 Страховое дело', 48, 0, 1),
    ('БД3-2', 'РО 1.1', 12, 36, 1),
    ('БД3-2', 'РО 4.1', 120, 0, 1),
    ('БД3-2', 'РО 4.2', 48, 0, 1),
    ('РПО4-1', 'РО 2.1 Базы данных', 8, 16, 1),
    ('РПО4-1', 'РО 2.2 Базы данных', 0, 24, 1),
    ('РПО4-1', 'РО 2.3 Базы данных', 0, 24, 1),
    ('РПО4-1', 'РО 3.1 Микроконтроллеры', 8, 16, 1),
    ('РПО4-1', 'РО 3.2 Микроконтроллеры', 0, 24, 1),
    ('РПО4-1', 'РО 3.3 Микроконтроллеры', 0, 24, 1),
    ('РПО4-1', 'РО 4.1 Мобильные приложения', 12, 12, 1),
    ('РПО4-1', 'РО 4.2 Мобильные приложения', 0, 24, 1),
    ('РПО4-1', 'РО 4.3 Мобильные приложения', 0, 24, 1),
    ('РПО4-1', 'РО 5.1 Экономика IT', 36, 12, 1),
    ('РПО4-2', 'РО 2.1 Базы данных', 8, 16, 1),
    ('РПО4-2', 'РО 2.2 Базы данных', 0, 24, 1),
    ('РПО4-2', 'РО 2.3 Базы данных', 0, 24, 1),
    ('РПО4-2', 'РО 3.1 Микроконтроллеры', 8, 16, 1),
    ('РПО4-2', 'РО 3.2 Микроконтроллеры', 0, 24, 1),
    ('РПО4-2', 'РО 3.3 Микроконтроллеры', 0, 24, 1),
    ('РПО4-2', 'РО 4.1 Мобильные приложения', 12, 12, 1),
    ('РПО4-2', 'РО 4.2 Мобильные приложения', 0, 24, 1),
    ('РПО4-2', 'РО 4.3 Мобильные приложения', 0, 24, 1),
    ('РПО4-2', 'РО 5.1 Экономика IT', 36, 12, 1),
    ('ОП4-1', 'Философия', 24, 0, 1),
    ('ОП4-1', 'Право', 24, 0, 1),
    ('ОП4-1', 'Социология', 24, 0, 1),
    ('ОП4-1', 'Кәсіпорын экономикасы', 24, 24, 1),
    ('ОП4-1', 'Бухгалтерский учет негіздері', 24, 12, 1),
    ('ОП4-1', 'Саудалық есептеулер', 24, 0, 1),
    ('ТХ4-1', 'Дене тәрбиесі', 0, 24, 1),
    ('ТХ4-1', 'Нан, макарон технологиясы', 0, 48, 1),
    ('ТХ4-1', 'Өндіріс экономикасы', 36, 72, 1),
    ('ТП4-1', 'Философия', 24, 0, 1),
    ('ТП4-1', 'Культурология', 24, 0, 1),
    ('ТП4-1', 'Право', 24, 0, 1),
    ('ТП4-1', 'Социология', 24, 0, 1),
    ('ТП4-1', 'Технология спирта', 24, 24, 1),
    ('ТП4-1', 'Технохимический контроль', 24, 0, 1),
    ('ТП4-1', 'Оборудование', 12, 0, 1),
    ('ТП4-1', 'Экономика предприятия', 36, 24, 1);

-- ---------------------------------------------------------
-- Organizational structure inferred from group codes
-- ---------------------------------------------------------

INSERT INTO departments (code, name, is_active)
VALUES ('LEGACY_IMPORT', 'Legacy import', TRUE)
ON CONFLICT (code) DO NOTHING;

WITH specialty_source AS (
    SELECT DISTINCT
        REGEXP_REPLACE(UPPER(REGEXP_REPLACE(group_name, '\s+', '', 'g')), '[-]?\d.*$', '') AS specialty_code
    FROM stg_legacy_groups
)
INSERT INTO specialties (
    department_id,
    code,
    name,
    qualification,
    is_active
)
SELECT
    d.department_id,
    ss.specialty_code,
    ss.specialty_code,
    NULL::varchar,
    TRUE
FROM specialty_source ss
JOIN departments d
  ON d.code = 'LEGACY_IMPORT'
WHERE ss.specialty_code <> ''
ON CONFLICT (department_id, code) DO NOTHING;

-- ---------------------------------------------------------
-- Academic periods inferred from semester numbers
-- ---------------------------------------------------------

WITH semester_source AS (
    SELECT DISTINCT semester_no
    FROM stg_legacy_curriculum
)
INSERT INTO academic_periods (
    code,
    name,
    academic_year,
    term_no,
    start_date,
    end_date,
    weeks_in_period,
    is_active
)
SELECT
    FORMAT('LEGACY-S%s', ss.semester_no),
    FORMAT('Legacy semester %s', ss.semester_no),
    'LEGACY',
    ss.semester_no,
    DATE '2026-01-01' + ((ss.semester_no - 1) * 140),
    DATE '2026-01-01' + ((ss.semester_no - 1) * 140) + 125,
    18.00,
    TRUE
FROM semester_source ss
ON CONFLICT (code) DO NOTHING;

-- ---------------------------------------------------------
-- Teachers
-- ---------------------------------------------------------

INSERT INTO teachers (
    last_name,
    first_name,
    middle_name,
    is_active,
    notes
)
SELECT DISTINCT
    BTRIM(last_name),
    BTRIM(first_name),
    NULLIF(BTRIM(middle_name), ''),
    TRUE,
    NULL
FROM stg_legacy_teachers
ON CONFLICT DO NOTHING;

-- ---------------------------------------------------------
-- Subjects from all legacy sources
-- ---------------------------------------------------------

WITH teacher_subject_names AS (
    SELECT DISTINCT
        BTRIM(REGEXP_REPLACE(raw_subject, '\s+', ' ', 'g')) AS subject_name
    FROM stg_legacy_teachers t
    CROSS JOIN LATERAL REGEXP_SPLIT_TO_TABLE(COALESCE(t.subjects_raw, ''), '\s*,\s*') AS raw_subject
    WHERE NULLIF(BTRIM(raw_subject), '') IS NOT NULL
),
all_subject_names AS (
    SELECT DISTINCT BTRIM(REGEXP_REPLACE(subject_name, '\s+', ' ', 'g')) AS subject_name
    FROM stg_legacy_subjects
    WHERE NULLIF(BTRIM(subject_name), '') IS NOT NULL
    UNION
    SELECT DISTINCT BTRIM(REGEXP_REPLACE(legacy_subject_name, '\s+', ' ', 'g')) AS subject_name
    FROM stg_legacy_curriculum
    WHERE NULLIF(BTRIM(legacy_subject_name), '') IS NOT NULL
    UNION
    SELECT DISTINCT subject_name
    FROM teacher_subject_names
)
INSERT INTO subjects (
    name,
    subject_kind,
    is_active,
    notes
)
SELECT
    asn.subject_name,
    CASE
        WHEN asn.subject_name ~* '^(ПМ|КМ|ОН|РО)\s' THEN 'module'
        WHEN asn.subject_name ~* '(физическ|физкультур|дене\s*шынық|дене\s*тәрби)' THEN 'physical'
        ELSE 'standard'
    END,
    TRUE,
    NULL
FROM all_subject_names asn
WHERE asn.subject_name <> ''
ON CONFLICT (name) DO NOTHING;

-- ---------------------------------------------------------
-- Groups
-- ---------------------------------------------------------

WITH normalized_groups AS (
    SELECT DISTINCT
        BTRIM(group_name) AS group_name,
        REGEXP_REPLACE(UPPER(BTRIM(group_name)), '\s+', '', 'g') AS group_code,
        REGEXP_REPLACE(UPPER(REGEXP_REPLACE(group_name, '\s+', '', 'g')), '[-]?\d.*$', '') AS specialty_code,
        course_no
    FROM stg_legacy_groups
)
INSERT INTO groups (
    specialty_id,
    code,
    name,
    course_no,
    student_count,
    max_daily_lessons,
    is_active,
    notes
)
SELECT
    sp.specialty_id,
    ng.group_code,
    ng.group_name,
    ng.course_no,
    NULL::integer,
    4,
    TRUE,
    NULL
FROM normalized_groups ng
JOIN departments d
  ON d.code = 'LEGACY_IMPORT'
JOIN specialties sp
  ON sp.department_id = d.department_id
 AND sp.code = ng.specialty_code
ON CONFLICT (code) DO NOTHING;

-- ---------------------------------------------------------
-- Rooms
-- ---------------------------------------------------------

INSERT INTO rooms (
    code,
    name,
    building,
    floor,
    capacity,
    room_type_id,
    is_active,
    notes
)
SELECT DISTINCT
    BTRIM(room_name),
    BTRIM(room_name),
    'Legacy building',
    floor_no,
    NULL::integer,
    CASE
        WHEN room_type_name ~* 'комп' THEN rt_comp.room_type_id
        ELSE rt_class.room_type_id
    END,
    TRUE,
    NULL
FROM stg_legacy_classrooms c
CROSS JOIN LATERAL (
    SELECT room_type_id
    FROM room_types
    WHERE code = 'CLASSROOM'
) rt_class
CROSS JOIN LATERAL (
    SELECT room_type_id
    FROM room_types
    WHERE code = 'COMPUTER_LAB'
) rt_comp
ON CONFLICT (building, code) DO NOTHING;

-- ---------------------------------------------------------
-- Teacher to subject assignments
-- ---------------------------------------------------------

WITH normalized_teacher_subjects AS (
    SELECT DISTINCT
        BTRIM(t.last_name) AS last_name,
        BTRIM(t.first_name) AS first_name,
        NULLIF(BTRIM(t.middle_name), '') AS middle_name,
        BTRIM(REGEXP_REPLACE(raw_subject, '\s+', ' ', 'g')) AS subject_name
    FROM stg_legacy_teachers t
    CROSS JOIN LATERAL REGEXP_SPLIT_TO_TABLE(COALESCE(t.subjects_raw, ''), '\s*,\s*') AS raw_subject
    WHERE NULLIF(BTRIM(raw_subject), '') IS NOT NULL
)
INSERT INTO teacher_subjects (
    teacher_id,
    subject_id,
    lesson_type_id,
    is_primary,
    is_active,
    note
)
SELECT DISTINCT
    tr.teacher_id,
    sb.subject_id,
    NULL::bigint,
    TRUE,
    TRUE,
    'Imported from legacy teacher subject list'
FROM normalized_teacher_subjects nts
JOIN teachers tr
  ON tr.last_name = nts.last_name
 AND tr.first_name = nts.first_name
 AND COALESCE(tr.middle_name, '') = COALESCE(nts.middle_name, '')
JOIN subjects sb
  ON sb.name = nts.subject_name
ON CONFLICT DO NOTHING;

-- ---------------------------------------------------------
-- Subject lesson types inferred from theory/practice hours
-- ---------------------------------------------------------

WITH lecture_subjects AS (
    SELECT DISTINCT
        BTRIM(REGEXP_REPLACE(legacy_subject_name, '\s+', ' ', 'g')) AS subject_name,
        'LECTURE' AS lesson_code
    FROM stg_legacy_curriculum
    WHERE theory_hours > 0
),
practice_subjects AS (
    SELECT DISTINCT
        BTRIM(REGEXP_REPLACE(legacy_subject_name, '\s+', ' ', 'g')) AS subject_name,
        'PRACTICE' AS lesson_code
    FROM stg_legacy_curriculum
    WHERE practice_hours > 0
),
all_subject_lesson_types AS (
    SELECT * FROM lecture_subjects
    UNION
    SELECT * FROM practice_subjects
)
INSERT INTO subject_lesson_types (
    subject_id,
    lesson_type_id,
    is_default,
    is_active,
    note
)
SELECT DISTINCT
    sb.subject_id,
    lt.lesson_type_id,
    TRUE,
    TRUE,
    'Imported from legacy curriculum hour split'
FROM all_subject_lesson_types aslt
JOIN subjects sb
  ON sb.name = aslt.subject_name
JOIN lesson_types lt
  ON lt.code = aslt.lesson_code
ON CONFLICT (subject_id, lesson_type_id) DO NOTHING;

-- ---------------------------------------------------------
-- Subject room requirements inferred from subject names and lesson types
-- ---------------------------------------------------------

WITH inferred_room_mapping AS (
    SELECT DISTINCT
        sb.subject_id,
        slt.lesson_type_id,
        CASE
            WHEN sb.name ~* '(физическ|физкультур|дене\s*шынық|дене\s*тәрби)' THEN 'GYM'
            WHEN sb.name ~* '(базы данных|sql|cms|big data|серверн|виртуализац|интерфейс|компьютерн.*граф|визуал|верстк|портфолио|интерактив|мобильн|веб[- ]?портал|информатик|икт|1с|программир|рефакторинг|микроконтроллер)'
                 AND lt.code IN ('PRACTICE', 'LAB') THEN 'COMPUTER_LAB'
            WHEN sb.name ~* '(базы данных|sql|cms|big data|серверн|виртуализац|интерфейс|компьютерн.*граф|визуал|верстк|портфолио|интерактив|мобильн|веб[- ]?портал|информатик|икт|1с|программир|рефакторинг|микроконтроллер)' THEN 'CLASSROOM'
            WHEN sb.name ~* '(химия|биология|физика|микробиолог|санитар|пищев|сырье)'
                 AND lt.code IN ('PRACTICE', 'LAB') THEN 'SCIENCE_LAB'
            WHEN sb.name ~* '(технология приготовления|технология хлеба|нан|макарон|пиво|спирт|безалкоголь|технохимическ|хлебное производство|оборудование|контроль)'
                 AND lt.code IN ('PRACTICE', 'LAB') THEN 'KITCHEN_LAB'
            ELSE 'CLASSROOM'
        END AS room_type_code,
        CASE
            WHEN sb.name ~* '(физическ|физкультур|дене\s*шынық|дене\s*тәрби)'
              OR (sb.name ~* '(базы данных|sql|cms|big data|серверн|виртуализац|интерфейс|компьютерн.*граф|визуал|верстк|портфолио|интерактив|мобильн|веб[- ]?портал|информатик|икт|1с|программир|рефакторинг|микроконтроллер)' AND lt.code IN ('PRACTICE', 'LAB'))
              OR (sb.name ~* '(химия|биология|физика|микробиолог|санитар|пищев|сырье)' AND lt.code IN ('PRACTICE', 'LAB'))
              OR (sb.name ~* '(технология приготовления|технология хлеба|нан|макарон|пиво|спирт|безалкоголь|технохимическ|хлебное производство|оборудование|контроль)' AND lt.code IN ('PRACTICE', 'LAB'))
            THEN TRUE
            ELSE TRUE
        END AS is_required
    FROM subjects sb
    JOIN subject_lesson_types slt
      ON slt.subject_id = sb.subject_id
     AND slt.is_active = TRUE
    JOIN lesson_types lt
      ON lt.lesson_type_id = slt.lesson_type_id
)
INSERT INTO subject_room_type (
    subject_id,
    room_type_id,
    lesson_type_id,
    priority,
    is_required
)
SELECT DISTINCT
    irm.subject_id,
    rt.room_type_id,
    irm.lesson_type_id,
    100,
    irm.is_required
FROM inferred_room_mapping irm
JOIN room_types rt
  ON rt.code = irm.room_type_code
ON CONFLICT DO NOTHING;

-- ---------------------------------------------------------
-- Group subject load imported from legacy curriculum
-- ---------------------------------------------------------

WITH normalized_curriculum AS (
    SELECT
        REGEXP_REPLACE(UPPER(BTRIM(legacy_group_name)), '\s+', '', 'g') AS group_code,
        BTRIM(REGEXP_REPLACE(legacy_subject_name, '\s+', ' ', 'g')) AS subject_name,
        theory_hours,
        practice_hours,
        semester_no
    FROM stg_legacy_curriculum
),
lecture_load_rows AS (
    SELECT
        ap.academic_period_id,
        g.group_id,
        sb.subject_id,
        lt.lesson_type_id,
        nc.theory_hours::NUMERIC AS total_hours,
        ROUND((nc.theory_hours::NUMERIC / NULLIF(ap.weeks_in_period, 0)), 2) AS planned_weekly_hours,
        CASE
            WHEN sb.name ~* '(физическ|физкультур|дене\s*шынық|дене\s*тәрби)' THEN rt_gym.room_type_id
            WHEN sb.name ~* '(базы данных|sql|cms|big data|серверн|виртуализац|интерфейс|компьютерн.*граф|визуал|верстк|портфолио|интерактив|мобильн|веб[- ]?портал|информатик|икт|1с|программир|рефакторинг|микроконтроллер)' THEN rt_class.room_type_id
            WHEN sb.name ~* '(химия|биология|физика|микробиолог|санитар|пищев|сырье)' THEN rt_class.room_type_id
            WHEN sb.name ~* '(технология приготовления|технология хлеба|нан|макарон|пиво|спирт|безалкоголь|технохимическ|хлебное производство|оборудование|контроль)' THEN rt_class.room_type_id
            ELSE rt_class.room_type_id
        END AS preferred_room_type_id
    FROM normalized_curriculum nc
    JOIN groups g
      ON g.code = nc.group_code
    JOIN subjects sb
      ON sb.name = nc.subject_name
    JOIN academic_periods ap
      ON ap.code = FORMAT('LEGACY-S%s', nc.semester_no)
    JOIN lesson_types lt
      ON lt.code = 'LECTURE'
    CROSS JOIN LATERAL (SELECT room_type_id FROM room_types WHERE code = 'CLASSROOM') rt_class
    CROSS JOIN LATERAL (SELECT room_type_id FROM room_types WHERE code = 'GYM') rt_gym
    WHERE nc.theory_hours > 0
),
practice_load_rows AS (
    SELECT
        ap.academic_period_id,
        g.group_id,
        sb.subject_id,
        lt.lesson_type_id,
        nc.practice_hours::NUMERIC AS total_hours,
        ROUND((nc.practice_hours::NUMERIC / NULLIF(ap.weeks_in_period, 0)), 2) AS planned_weekly_hours,
        CASE
            WHEN sb.name ~* '(физическ|физкультур|дене\s*шынық|дене\s*тәрби)' THEN rt_gym.room_type_id
            WHEN sb.name ~* '(базы данных|sql|cms|big data|серверн|виртуализац|интерфейс|компьютерн.*граф|визуал|верстк|портфолио|интерактив|мобильн|веб[- ]?портал|информатик|икт|1с|программир|рефакторинг|микроконтроллер)' THEN rt_comp.room_type_id
            WHEN sb.name ~* '(химия|биология|физика|микробиолог|санитар|пищев|сырье)' THEN rt_science.room_type_id
            WHEN sb.name ~* '(технология приготовления|технология хлеба|нан|макарон|пиво|спирт|безалкоголь|технохимическ|хлебное производство|оборудование|контроль)' THEN rt_kitchen.room_type_id
            ELSE rt_class.room_type_id
        END AS preferred_room_type_id
    FROM normalized_curriculum nc
    JOIN groups g
      ON g.code = nc.group_code
    JOIN subjects sb
      ON sb.name = nc.subject_name
    JOIN academic_periods ap
      ON ap.code = FORMAT('LEGACY-S%s', nc.semester_no)
    JOIN lesson_types lt
      ON lt.code = 'PRACTICE'
    CROSS JOIN LATERAL (SELECT room_type_id FROM room_types WHERE code = 'CLASSROOM') rt_class
    CROSS JOIN LATERAL (SELECT room_type_id FROM room_types WHERE code = 'COMPUTER_LAB') rt_comp
    CROSS JOIN LATERAL (SELECT room_type_id FROM room_types WHERE code = 'SCIENCE_LAB') rt_science
    CROSS JOIN LATERAL (SELECT room_type_id FROM room_types WHERE code = 'KITCHEN_LAB') rt_kitchen
    CROSS JOIN LATERAL (SELECT room_type_id FROM room_types WHERE code = 'GYM') rt_gym
    WHERE nc.practice_hours > 0
),
all_load_rows AS (
    SELECT * FROM lecture_load_rows
    UNION ALL
    SELECT * FROM practice_load_rows
),
teacher_candidates AS (
    SELECT
        ts.subject_id,
        MIN(ts.teacher_id) AS single_teacher_id,
        COUNT(DISTINCT ts.teacher_id) AS teacher_count
    FROM teacher_subjects ts
    WHERE ts.is_active = TRUE
    GROUP BY ts.subject_id
)
INSERT INTO group_subject_load (
    academic_period_id,
    group_id,
    subgroup_id,
    subject_id,
    lesson_type_id,
    planned_weekly_hours,
    total_hours,
    min_sessions_per_week,
    max_sessions_per_week,
    preferred_room_type_id,
    preferred_teacher_id,
    is_mandatory,
    notes
)
SELECT
    alr.academic_period_id,
    alr.group_id,
    NULL::bigint,
    alr.subject_id,
    alr.lesson_type_id,
    alr.planned_weekly_hours,
    alr.total_hours,
    CASE WHEN alr.planned_weekly_hours >= 2 THEN 1 ELSE NULL END,
    NULL::smallint,
    alr.preferred_room_type_id,
    CASE WHEN tc.teacher_count = 1 THEN tc.single_teacher_id ELSE NULL END,
    TRUE,
    'Imported from legacy curriculum'
FROM all_load_rows alr
LEFT JOIN teacher_candidates tc
  ON tc.subject_id = alr.subject_id
ON CONFLICT DO NOTHING;

-- ---------------------------------------------------------
-- Tables intentionally left empty because the attached legacy DB
-- does not contain trustworthy source data for them:
-- teacher_load, teacher_preferences, teacher_unavailability,
-- group_unavailability, room_unavailability, group_subgroups,
-- schedule_generation_runs, schedule_conflicts_log, schedule.
-- ---------------------------------------------------------

-- ---------------------------------------------------------
-- App authentication and system models
-- ---------------------------------------------------------

DO $$ BEGIN
    CREATE TYPE userrole AS ENUM ('ADMIN', 'DISPATCHER', 'TEACHER', 'STUDENT', 'MANAGEMENT');
EXCEPTION
    WHEN duplicate_object THEN null;
END $$;

CREATE TABLE IF NOT EXISTS users (
    id BIGINT GENERATED BY DEFAULT AS IDENTITY PRIMARY KEY,
    username VARCHAR(100) NOT NULL UNIQUE,
    password_hash VARCHAR(255) NOT NULL,
    role userrole NOT NULL DEFAULT 'STUDENT',
    teacher_id BIGINT REFERENCES teachers(id) ON DELETE SET NULL,
    group_id BIGINT REFERENCES groups(id) ON DELETE SET NULL,
    full_name VARCHAR(200),
    is_not_student BOOLEAN DEFAULT FALSE
);

CREATE TABLE IF NOT EXISTS audit_logs (
    id BIGINT GENERATED BY DEFAULT AS IDENTITY PRIMARY KEY,
    user_id BIGINT REFERENCES users(id) ON DELETE SET NULL,
    action VARCHAR(50) NOT NULL,
    entity VARCHAR(50) NOT NULL,
    entity_id BIGINT,
    details JSONB,
    created_at TIMESTAMPTZ DEFAULT NOW()
);

CREATE TABLE IF NOT EXISTS app_settings (
    key VARCHAR(50) PRIMARY KEY,
    value VARCHAR(255),
    description VARCHAR(200)
);

COMMIT;
