-- 1. TEACHERS
-- 1. TEACHERS
CREATE TABLE IF NOT EXISTS academic_years (
    id INT GENERATED BY DEFAULT AS IDENTITY PRIMARY KEY,
    name VARCHAR(50) NOT NULL UNIQUE,
    start_date DATE NOT NULL,
    end_date DATE NOT NULL
);

INSERT INTO academic_years (name, start_date, end_date) 
VALUES ('2025-2026', '2025-09-01', '2026-06-30') ON CONFLICT DO NOTHING;

CREATE TABLE IF NOT EXISTS semesters (
    id INT GENERATED BY DEFAULT AS IDENTITY PRIMARY KEY,
    academic_year_id INT NOT NULL REFERENCES academic_years(id) ON DELETE CASCADE,
    number INT NOT NULL,
    start_date DATE NOT NULL,
    end_date DATE NOT NULL,
    UNIQUE(academic_year_id, number)
);

INSERT INTO semesters (academic_year_id, number, start_date, end_date)
VALUES (1, 1, '2025-09-01', '2025-12-30'), (1, 2, '2026-01-15', '2026-06-25') ON CONFLICT DO NOTHING;

CREATE TABLE IF NOT EXISTS schedule_versions (
    id INT GENERATED BY DEFAULT AS IDENTITY PRIMARY KEY,
    semester_id INT NOT NULL REFERENCES semesters(id) ON DELETE CASCADE,
    status VARCHAR(20) NOT NULL DEFAULT 'draft', -- 'draft', 'approved', 'published', 'archived'
    description TEXT,
    created_at TIMESTAMP DEFAULT CURRENT_TIMESTAMP
);

INSERT INTO schedule_versions (semester_id, status, description)
VALUES (1, 'published', 'Initial public schedule') ON CONFLICT DO NOTHING;

CREATE TABLE IF NOT EXISTS days_of_week (
    id INT PRIMARY KEY,
    name VARCHAR(20) NOT NULL
);

INSERT INTO days_of_week (id, name) VALUES 
(1, 'Понедельник'), (2, 'Вторник'), (3, 'Среда'), 
(4, 'Четверг'), (5, 'Пятница'), (6, 'Суббота') ON CONFLICT DO NOTHING;

CREATE TABLE IF NOT EXISTS time_slots (
    id INT PRIMARY KEY,
    slot_number INT NOT NULL,
    start_time TIME,
    end_time TIME
);

INSERT INTO time_slots (id, slot_number, start_time, end_time) VALUES
(1, 1, '08:30:00', '10:05:00'),
(2, 2, '10:15:00', '11:50:00'),
(3, 3, '12:10:00', '13:45:00'),
(4, 4, '13:55:00', '15:30:00') ON CONFLICT DO NOTHING;

CREATE TABLE teachers (
    id INT GENERATED BY DEFAULT AS IDENTITY PRIMARY KEY,
    last_name VARCHAR(100) NOT NULL,
    first_name VARCHAR(100) NOT NULL,
    middle_name VARCHAR(100),
    subjects TEXT,
    created_at TIMESTAMP DEFAULT NOW()
);

INSERT INTO teachers (last_name, first_name, middle_name, subjects)
VALUES
('Белгожаева', 'Турсунхан', 'Шареновна', 'Всемирная история, Философия, Право, Социология, Культурология'),
('Бидахметов', 'Агзам', 'Канатович', 'Технология пива, Контроль, Оборудование, Технология спирта, Безалкогольные напитки'),
('Галпай', 'Ұлжан', 'Әсенқызы', 'Казахский язык, Казахская литература'),
('Даукенов', 'Максат', 'Ерболұл', 'Интерфейсы, CMS'),
('Даулетқызы', 'Ақнұр', NULL, 'Технология, Контроль, Хлебное производство'),
('Джакуржеков', 'Бахыт', 'Сарсебекович', 'НВП, Учебно-полевые сборы'),
('Диханбаева', 'Динара', 'Жекебатыровна', 'Математика, Математический анализ, Методы оптимальных решений, Высшая математика'),
('Ерназар', 'Перизат', 'Галымбеккызы', 'CMS, Big Data, Мобильные приложения'),
('Есеналиева', 'Меруерт', 'Бакытжанкызы', 'Охрана труда, Санитария и гигиена, Пищевая безопасность, Микробиология, Технология, Оборудование'),
('Есимхан', 'Аянай', 'Даулеткызы', 'Базы данных, SQL, Серверные ОС, Виртуализация, Big Data, CMS'),
('Естаев', 'Данат', 'Болатович', 'Компьютерная графика, Визуальное программирование, Верстка портфолио'),
('Жакупова', 'Айгуль', 'Спатаевна', 'Информатика, Графика и проектирование'),
('Жанабил', 'Жулдыз', 'Жумабайкызы', 'Интерактивный дизайн'),
('Жеткiзгенкызы', 'Гулсая', NULL, 'Хлебное производство, Технология хлеба и макарон'),
('Жолымбекова', 'Айдана', 'Сайлаубеккызы', 'История Казахстана, Всемирная история, Философия'),
('Жузбаева', 'Бахытгуль', 'Алимхановна', 'Казахский язык и литература'),
('Жулкашева', 'Индира', 'Абайкызы', 'География, Биология'),
('Зинуллина', 'Ару', 'Елеусиновна', NULL),
('Ибрагимов', 'Ринат', 'Ришатович', 'Технология приготовления'),
('Искакова', 'Аружан', 'Дидаровна', NULL),
('Кабдулова', 'Айзат', 'Кабдулкызы', 'Иностранный язык, Профессиональный иностранный язык'),
('Кабымбаева', 'Жансулу', 'Мураткалиевна', 'Графика и проектирование'),
('Кадиров', 'Максат', 'Даржибаевич', NULL),
('Кайырбаева', 'Раушан', 'Елтаевна', 'Экономика'),
('Каким', 'Айдина', 'Дидаркызы', NULL),
('Калабаева', 'Гульжамал', 'Калдыбековна', 'Математика'),
('Кален', 'Жаксылык', 'Манатулы', 'НВП, Учебно-полевые сборы'),
('Камабекова', 'Динара', 'Оразхановна', 'Физическая культура'),
('Камалбеков', 'Мади', 'Куттыбекович', 'Банковские операции, Основы маркетинга'),
('Конысбаева', 'Райхан', 'Махмутовна', 'Модуль безопасности и микробиологии'),
('Куангалиева', 'Улпан', 'Сериккаликызы', 'Казахский язык и литература'),
('Кузенбай', 'Толганай', 'Мураткызы', 'Физика'),
('Курмангалиева', 'Алма', 'Болатбековна', 'Информатика, Основы ИКТ, Веб-порталы'),
('Мамытаев', 'Осет', 'Дюсекулы', 'Визуальное программирование, Верстка портфолио'),
('Мантай', 'Әсемгул', 'Шаймерденкызы', 'CMS'),
('Маратов', 'Диас', 'Ермекович', 'Интерфейсы, Программирование, Рефакторинг кода, CMS'),
('Масягина', 'Наталия', 'Геннадиевна', 'Иностранный язык'),
('Муканбеков', 'Кайрат', 'Избасарович', 'Физическая культура'),
('Муратова', 'Мединә', 'Мергенбайкызы', 'Технология, Контроль'),
('Муталиева', 'Адеми', 'Алдабергеновна', 'Информатика, Основы ИКТ, Веб-порталы, Компьютерная графика'),
('Мышан', 'Әділет', 'Берікұлы', 'Физическая культура'),
('Мырзакан', 'Гулнауат', 'Бериккызы', 'Интерактивный дизайн'),
('Нариманова', 'Актоты', 'Жардемгалиева', 'Биология, Химия, Физика'),
('Ниталиева', 'Айнур', 'Анатольевна', 'Экономика и предпринимательство'),
('Нургалиева', 'Назгул', 'Советовна', 'История Казахстана, Всемирная история, География'),
('Онгарова', 'Акмарал', NULL, 'Бухгалтерский учет, Финансовая отчетность, Экономический анализ'),
('Распутько', 'Кирилл', 'Денисович', NULL),
('Рахан', 'Шынгысхан', 'Кайратулы', 'Компьютерная графика, Интерактивный дизайн, Визуальное программирование, Верстка портфолио'),
('Рахимов', 'Артур', 'Джумагалиевич', 'Физическая культура'),
('Саметова', 'Кульпан', 'Толыбаевна', 'Технология приготовления'),
('Сардарова', 'Зарина', 'Исмаиловна', 'Русский язык и литература, Русский язык'),
('Сарина', 'Самал', 'Галымовна', 'Экономика и предпринимательство, Экономика IT, Экономика предприятия'),
('Сатан', 'Бекзат', 'Серикулы', 'Физическая культура'),
('Сейтбекова', 'Асем', 'Кайратовна', 'Технология хлеба, Художественное оформление'),
('Сәкен', 'Әсем', 'Мураткызы', 'Охрана труда, Санитария, Микробиология, Физиология, Технология приготовления пищи'),
('Сетербаева', 'Гульназ', 'Мухамедханова', 'Охрана труда, Технология приготовления, Торговые расчеты'),
('Серикбаева', 'Аружан', 'Жанаткызы', 'Базы данных, Финансовые дисциплины'),
('Тайкпанова', 'Данара', 'Абдибаевна', 'Казахский язык и литература'),
('Тен', 'Ирина', 'Анатольевна', 'Русский язык, Русская литература'),
('Тулеубаева', 'Динара', 'Тургалиқызы', 'Этика деловых отношений, Профессиональная этика'),
('Усенгаликызы', 'Алия', NULL, 'Статистика, Аудит'),
('Халилов', 'Канат', 'Турсунбаевич', 'История Казахстана, Всемирная история, Философия, Право, Социология'),
('Шоманова', 'Ботагоз', 'Курбановна', 'Химия, Биология'),
('Ынтымак', 'Рыскелді', 'Серікбайуһұлы', 'CMS'),
('Юнусова', 'Кулзира', 'Аштаевна', 'Информатика, Основы ИКТ, Веб-порталы, Компьютерная графика')
;
-- 2. COURSES
CREATE TABLE courses (
    id INT GENERATED BY DEFAULT AS IDENTITY PRIMARY KEY
);

INSERT INTO courses (id) VALUES (1), (2), (3), (4);

-- 3. GROUPS
CREATE TABLE groups (
    id INT GENERATED BY DEFAULT AS IDENTITY PRIMARY KEY,
    name VARCHAR(50) NOT NULL UNIQUE,
    course_id INT NOT NULL REFERENCES courses(id) ON DELETE CASCADE
);

CREATE INDEX idx_groups_course_id ON groups(course_id);

INSERT INTO groups (name, course_id)
VALUES
('БУХ1-1', 1),('БУХ1-2',1),('БУХ1-3',1),
('БД1-1',1),('БД1-2',1),('БД1-3',1),
('ОП1-1',1),('ОП1-2',1),('ТК1-1',1),
('ТП1-1',1),('WEB1-1',1),('WEB1-2',1),('WEB1-3',1),('РПО1-1',1),
('БУХ2-1',2),('БУХ2-2',2),('БУХ2-3',2),
('БД2-1',2),('БД2-2',2),
('ОП2-1',2),('ОП2-2',2),('ОП2-3',2),('ТК2-1',2),
('ТХ2-1',2),('ТП2-1',2),('WEB2-1',2),('WEB2-2',2),('WEB2-3',2),
('ИС2-1',2),('РПО2-1',2),
('БУХ3-1',3),('БУХ3-2',3),
('БД3-1',3),('БД3-2',3),
('ОП3-1',3),('ОП3-2',3),('ОП3-3',3),
('ТК3-1',3),('ТХ3-1',3),('ТП3-1',3),
('WEB3-1',3),('WEB3-2',3),('WEB3-3',3),('WEB3-4',3),('WEB3-5',3),
('РПО3-1',3),('ТХ4-1',4),('РПО4-1',4),('ОП4-1',4),('ТП4-1',4),('РПО4-2',4)
;

-- 4. CLASSROOMS
CREATE TABLE classrooms (
    id INT GENERATED BY DEFAULT AS IDENTITY PRIMARY KEY,
    room_number VARCHAR(20) NOT NULL,
    floor INT NOT NULL,
    room_type VARCHAR(50) NOT NULL
);

INSERT INTO classrooms (room_number, floor, room_type) VALUES
('101 кабинет', 1, 'Простой'),
('104 кабинет', 1, 'Простой'),
('113 кабинет', 1, 'Простой'),
('114 кабинет', 1, 'Простой'),
('115 кабинет', 1, 'Компьютерный'),
('116 кабинет', 1, 'Простой'),
('117 кабинет', 1, 'Простой'),
('118 кабинет', 1, 'Простой'),
('120 кабинет', 1, 'Компьютерный'),

('200 кабинет', 2, 'Простой'),
('201 кабинет', 2, 'Простой'),
('203 кабинет', 2, 'Простой'),
('208 кабинет', 2, 'Простой'),
('209 кабинет', 2, 'Простой'),
('210 кабинет', 2, 'Простой'),
('211 кабинет', 2, 'Простой'),
('212 кабинет', 2, 'Простой'),
('213 кабинет', 2, 'Простой'),
('218 кабинет', 2, 'Компьютерный'),
('220 кабинет', 2, 'Компьютерный'),
('222 кабинет', 2, 'Компьютерный'),
('224 кабинет', 2, 'Компьютерный'),

('300 кабинет', 3, 'Простой'),
('301 кабинет', 3, 'Простой'),
('302 кабинет', 3, 'Простой'),
('303 кабинет', 3, 'Простой'),
('304 кабинет', 3, 'Простой'),
('306 кабинет', 3, 'Простой'),
('308 кабинет', 3, 'Простой'),
('309 кабинет', 3, 'Простой'),
('310 кабинет', 3, 'Простой'),
('311 кабинет', 3, 'Компьютерный'),
('312 кабинет', 3, 'Простой'),
('316 кабинет', 3, 'Простой'),
('320 кабинет', 3, 'Компьютерный'),
('322 кабинет', 3, 'Компьютерный'),
('324 кабинет', 3, 'Компьютерный')
;

-- 5. SUBJECTS
CREATE TABLE IF NOT EXISTS subjects (
    id INT GENERATED BY DEFAULT AS IDENTITY PRIMARY KEY,
    name VARCHAR(200) NOT NULL UNIQUE
);

-- Добавление предметов
INSERT INTO subjects (name) VALUES
('Русский язык'),
('Русская литература'),
('Казахский язык'),
('Казахский язык и литература'),
('Казахская литература'),
('Иностранный язык'),
('История Казахстана'),
('Всемирная история'),
('Математика'),
('Высшая математика'),
('Химия'),
('Физика'),
('Биология'),
('География'),
('Информатика'),
('НВП'),
('Физическая культура'),
('Дене шынықтыру'),
('Дене тәрбиесі'),
('Этика деловых отношений'),
('Профессиональная этика'),
('Глобальные компетенции'),
('Философия'),
('Право'),
('Социология'),
('Культурология'),
('Экономика'),
('Экономика организации'),
('Экономика предприятия'),
('Кәсіпорын экономикасы'),
('Өндіріс экономикасы'),
('Статистика'),
('Налоги'),
('Бухгалтерский учет'),
('Финансовый учет'),
('Аудит'),
('1С'),
('Бухгалтерский учет негіздері'),
('Саудалық есептеулер'),
('Экономикалық талдау'),
('Қаржылық есептілікті талдау'),
('Предпринимательство'),
('ИТ в профессиональной деятельности'),
('Информационные технологии'),
('Веб-порталы'),
('Оборудование'),
('ПМ 01 Охрана труда'),
('ПМ 01 Санитария и гигиена'),
('ПМ 01 Пищевая безопасность'),
('ПМ 01 Микробиология'),
('ПМ 02 Сырье'),
('ПМ 02 Технология'),
('ПМ 02 Оборудование'),
('КМ 01 Охрана труда'),
('КМ 01 Санитарная гигиена'),
('КМ 01 Контроль'),
('КМ 01 Микробиология'),
('КМ 01 Физиология'),
('КМ 02 Технология приготовления пищи'),
('ПМ 04-05 Технология приготовления'),
('ПМ 04-07 Технология приготовления'),
('Технология хлеба'),
('Художественное оформление'),
('Безалкогольные напитки'),
('Технология пива'),
('Технология спирта'),
('Технохимический контроль'),
('Нан өндірісі'),
('Нан, макарон технологиясы'),
('Кәсіби орыс тілі'),
('Кәсіби шет тілі'),
('Интерактивный дизайн'),
('Визуальное программирование'),
('Верстка портфолио'),
('ОН 3.1 Интерактивті дизайн'),
('ОН 3.2 Визуалды бағдарламалау'),
('ОН 3.3 Портфолио беттеу'),
('ОН 3.1 Экономика және кәсіпкерлік'),
('ОН 3.2 Экономика және кәсіпкерлік'),
('ОН 3.3 Экономика және кәсіпкерлік'),
('ОН 3.4 Кәсіби этика'),
('ОН 3.1 Экономика'),
('ОН 3.2 Экономика'),
('ОН 3.3 Экономика'),
('ОН 3.4 Этика'),
('ОН 3.1 Серверлік ОЖ'),
('ОН 3.2 Серверлік ОЖ'),
('ОН 3.3 Серверлік ОЖ'),
('ОН 4.1 Виртуалдандыру'),
('ОН 4.2 Виртуалдандыру'),
('ОН 4.1 Банковские операции'),
('ОН 4.2 Страховое дело'),
('ОН 8.1 CMS'),
('ОН 8.2 Шаблоны и плагины'),
('ОН 1.1'),
('ОН 1.2'),
('ОН 4.1'),
('ОН 4.2'),
('ОН 4.3'),
('ОН 4.4'),
('РО 2.1'),
('РО 2.2'),
('РО 2.3'),
('РО 2.4'),
('РО 2.5'),
('РО 2.6'),
('РО 3.1'),
('РО 3.2'),
('РО 3.3'),
('РО 4.1'),
('РО 4.2'),
('РО 4.3'),
('РО 4.4'),
('РО 1.1'),
('РО 3.1 Экономика и предпринимательство'),
('РО 3.2 Экономика и предпринимательство'),
('РО 3.3 Экономика и предпринимательство'),
('РО 3.4 Экономика и предпринимательство'),
('РО 3.1 Экономика'),
('РО 3.2 Экономика'),
('РО 3.3 Экономика'),
('РО 3.4 Этика'),
('РО 4.1 Базы данных'),
('РО 4.2 Базы данных'),
('РО 4.3 SQL-запросы'),
('РО 5.1 Интерфейсы'),
('РО 5.2 Интерфейсы'),
('РО 4.1 Сырье'),
('РО 4.2 Технология'),
('РО 4.1 Технология пива'),
('РО 4.2 Контроль'),
('РО 4.3 Оборудование'),
('РО 7.1 Программирование'),
('РО 7.2 Программирование'),
('РО 8.1 CMS'),
('РО 8.2 Шаблоны и плагины'),
('РО 8.1 Рефакторинг кода'),
('РО 8.2 Рефакторинг кода'),
('РО 9.1 Big Data'),
('РО 9.2 Big Data'),
('РО 9.3 Big Data'),
('РО 10.1 Микроконтроллеры'),
('РО 10.2 Микроконтроллеры'),
('РО 11.1 Мобильные приложения'),
('РО 11.2 Мобильные приложения'),
('РО 11.3 Мобильные приложения'),
('РО 11.4 Мобильные приложения'),
('РО 11.5 Мобильные приложения'),
('РО 2.1 Базы данных'),
('РО 2.2 Базы данных'),
('РО 2.3 Базы данных'),
('РО 3.1 Микроконтроллеры'),
('РО 3.2 Микроконтроллеры'),
('РО 3.3 Микроконтроллеры'),
('РО 4.1 Мобильные приложения'),
('РО 4.2 Мобильные приложения'),
('РО 4.3 Мобильные приложения'),
('РО 5.1 Экономика IT'),
('РО 4.1'),
('РО 4.2'),
('НВП (АӘТД)'),
('Казахский язык'),
('Информатика (ОН 2.1)'),
('Веб-порталы (ОН 2.2)'),
('Основы ИКТ (ОН 2.1)'),
('Веб-порталы (РО 2.2)'),
('Қазақ тілі'),
('Қазақ әдебиеті'),
('Орыс тілі және әдебиеті'),
('Шетел тілі '),
('Қазақстан тарихы'),
('Дүниежүзі тарихы'),
('Информатика '),
('Графика және жобалау'),
('Дене шынықтыру '),
('Дене тәрбиесі '),
('КМ 01 '),
('ПМ 01 '),
('РО 1.1 '),
('РО 2.1 '),
('Русский язык '),
('Казахский язык '),
('История Казахстана '),
('Физика '),
('Графика и проектирование'),
('Учебно-полевые сборы'),
('ПМ 01 Охрана труда '),
('ПМ 01 Санитария и гигиена '),
('ПМ 01 Пищевая безопасность '),
('ПМ 01 Микробиология '),
('ПМ 02 Сырье '),
('ПМ 02 Технология '),
('ПМ 02 Оборудование '),
('Начальная военная подготовка'),
('РО 1.1'),
('РО 2.1'),
('ПМ 01 Охрана труда'),
('ПМ 01 Санитария и гигиена'),
('ПМ 01 Пищевая безопасность'),
('ПМ 01 Микробиология'),
('ПМ 02 Сырье'),
('ПМ 02 Технология'),
('ПМ 02 Оборудование'),
('Казахский язык и литература'),
('КМ 01 Охрана труда'),
('КМ 01 Санитарная гигиена'),
('КМ 01 Контроль'),
('КМ 01 Микробиология'),
('КМ 01 Физиология'),
('КМ 02 Технология приготовления пищи'),
('ПМ 02 Технология приготовления'),
('Русский язык'),
('Русская литература'),
('Иностранный язык'),
('История Казахстана'),
('Всемирная история'),
('Информатика'),
('Физика'),
('Химия'),
('Биология'),
('НВП'),
('Физическая культура'),
('Казахская литература'),
('География'),
('ПМ 01 Санитарная гигиена'),
('ПМ 01 Контроль'),
('ПМ 01 Микробиология'),
('ПМ 01 Физиология'),
('ПМ 02 Технология приготовления'),
('РО 3.1 Экономика и предпринимательство'),
('РО 3.2 Экономика и предпринимательство'),
('РО 3.3 Экономика и предпринимательство'),
('РО 3.4 Экономика и предпринимательство'),
('Этика деловых отношений'),
('ОН 3.1 Экономика және кәсіпкерлік'),
('ОН 3.2 Экономика және кәсіпкерлік'),
('ОН 3.3 Экономика және кәсіпкерлік'),
('ОН 3.4 Кәсіби этика')
ON CONFLICT (name) DO NOTHING;

-- 6. CURRICULUM
CREATE TABLE curriculum (
    id INT GENERATED BY DEFAULT AS IDENTITY PRIMARY KEY,
    group_id INT NOT NULL REFERENCES groups(id) ON DELETE CASCADE,
    subject_id INT NOT NULL REFERENCES subjects(id) ON DELETE CASCADE,
    theory_hours INT NOT NULL DEFAULT 0,
    practice_hours INT NOT NULL DEFAULT 0,
    semester SMALLINT NOT NULL
);

CREATE INDEX idx_curriculum_group_id ON curriculum(group_id);
CREATE INDEX idx_curriculum_subject_id ON curriculum(subject_id);

-- Пример заполнения curriculum (только для группы БД 1-1, для остальных групп аналогично, заполнить по аналогии)
INSERT INTO curriculum (group_id, subject_id, theory_hours, practice_hours, semester)
VALUES
(
    (SELECT id FROM groups WHERE name='БД1-1'),
    (SELECT id FROM subjects WHERE name='Математика'),
    48, 0, 1
),
(
    (SELECT id FROM groups WHERE name='БД1-1'),
    (SELECT id FROM subjects WHERE name='Информатика'),
    48, 48, 1
),
(
    (SELECT id FROM groups WHERE name='БД1-1'),
    (SELECT id FROM subjects WHERE name='Казахский язык'),
    48, 0, 1
),
(
    (SELECT id FROM groups WHERE name='БД1-1'),
    (SELECT id FROM subjects WHERE name='Казахская литература'),
    48, 0, 1
),
(
    (SELECT id FROM groups WHERE name='БД1-1'),
    (SELECT id FROM subjects WHERE name='Русский язык'),
    72, 72, 1
),
(
    (SELECT id FROM groups WHERE name='БД1-1'),
    (SELECT id FROM subjects WHERE name='Иностранный язык'),
    48, 48, 1
),
(
    (SELECT id FROM groups WHERE name='БД1-1'),
    (SELECT id FROM subjects WHERE name='История Казахстана'),
    48, 0, 1
),
(
    (SELECT id FROM groups WHERE name='БД1-1'),
    (SELECT id FROM subjects WHERE name='Физическая культура'),
    48, 48, 1
),
(
    (SELECT id FROM groups WHERE name='БД1-1'),
    (SELECT id FROM subjects WHERE name='НВП (АӘТД)'),
    36, 36, 1
),
(
    (SELECT id FROM groups WHERE name='БД1-1'),
    (SELECT id FROM subjects WHERE name='Биология'),
    24, 0, 1
),
(
    (SELECT id FROM groups WHERE name='БД1-1'),
    (SELECT id FROM subjects WHERE name='Всемирная история'),
    24, 0, 1
),
(
    (SELECT id FROM groups WHERE name='БД1-1'),
    (SELECT id FROM subjects WHERE name='География'),
    48, 0, 1
),
(
    (SELECT id FROM groups WHERE name='БД1-1'),
    (SELECT id FROM subjects WHERE name='Физика'),
    24, 0, 1
),
(
    (SELECT id FROM groups WHERE name='БД1-1'),
    (SELECT id FROM subjects WHERE name='Химия'),
    48, 0, 1
),
(
    (SELECT id FROM groups WHERE name='БД1-1'),
    (SELECT id FROM subjects WHERE name='Основы ИКТ (ОН 2.1)'),
    0, 60, 1
),
(
    (SELECT id FROM groups WHERE name='БД1-1'),
    (SELECT id FROM subjects WHERE name='Веб-порталы (ОН 2.2)'),
    0, 12, 1
),
(
    (SELECT id FROM groups WHERE name='БД1-2'),
    (SELECT id FROM subjects WHERE name='Математика'),
    48, 0, 1
),
(
    (SELECT id FROM groups WHERE name='БД1-2'),
    (SELECT id FROM subjects WHERE name='Информатика'),
    48, 48, 1
),
(
    (SELECT id FROM groups WHERE name='БД1-2'),
    (SELECT id FROM subjects WHERE name='История Казахстана'),
    48, 0, 1
),
(
    (SELECT id FROM groups WHERE name='БД1-2'),
    (SELECT id FROM subjects WHERE name='Физическая культура'),
    48, 48, 1
),
(
    (SELECT id FROM groups WHERE name='БД1-2'),
    (SELECT id FROM subjects WHERE name='Всемирная история'),
    24, 0, 1
),
(
    (SELECT id FROM groups WHERE name='БД1-2'),
    (SELECT id FROM subjects WHERE name='География'),
    48, 0, 1
),
(
    (SELECT id FROM groups WHERE name='БД1-2'),
    (SELECT id FROM subjects WHERE name='Химия'),
    24, 0, 1
),
(
    (SELECT id FROM groups WHERE name='БД1-3'),
    (SELECT id FROM subjects WHERE name='Математика'),
    48, 0, 1
),
(
    (SELECT id FROM groups WHERE name='БД1-3'),
    (SELECT id FROM subjects WHERE name='Информатика'),
    48, 48, 1
),
(
    (SELECT id FROM groups WHERE name='БД1-3'),
    (SELECT id FROM subjects WHERE name='Русский язык'),
    48, 0, 1
),
(
    (SELECT id FROM groups WHERE name='БД1-3'),
    (SELECT id FROM subjects WHERE name='Русская литература'),
    48, 0, 1
),
(
    (SELECT id FROM groups WHERE name='БД1-3'),
    (SELECT id FROM subjects WHERE name='Казахская литература'),
    72, 72, 1
),
(
    (SELECT id FROM groups WHERE name='БД1-3'),
    (SELECT id FROM subjects WHERE name='Иностранный язык'),
    48, 48, 1
),
(
    (SELECT id FROM groups WHERE name='БД1-3'),
    (SELECT id FROM subjects WHERE name='История Казахстана'),
    48, 0, 1
),
(
    (SELECT id FROM groups WHERE name='БД1-3'),
    (SELECT id FROM subjects WHERE name='Физическая культура'),
    48, 48, 1
),
(
    (SELECT id FROM groups WHERE name='БД1-3'),
    (SELECT id FROM subjects WHERE name='НВП (АӘТД)'),
    36, 36, 1
),
(
    (SELECT id FROM groups WHERE name='БД1-3'),
    (SELECT id FROM subjects WHERE name='Биология'),
    24, 0, 1
),
(
    (SELECT id FROM groups WHERE name='БД1-3'),
    (SELECT id FROM subjects WHERE name='Всемирная история'),
    24, 0, 1
),
(
    (SELECT id FROM groups WHERE name='БД1-3'),
    (SELECT id FROM subjects WHERE name='География'),
    48, 0, 1
),
(
    (SELECT id FROM groups WHERE name='БД1-3'),
    (SELECT id FROM subjects WHERE name='Физика'),
    24, 0, 1
),
(
    (SELECT id FROM groups WHERE name='БД1-3'),
    (SELECT id FROM subjects WHERE name='Химия'),
    48, 0, 1
),
(
    (SELECT id FROM groups WHERE name='БД1-3'),
    (SELECT id FROM subjects WHERE name='Основы ИКТ (ОН 2.1)'),
    60, 60, 1
),
(
    (SELECT id FROM groups WHERE name='БД1-3'),
    (SELECT id FROM subjects WHERE name='Веб-порталы (РО 2.2)'),
    12, 12, 1
),
(
    (SELECT id FROM groups WHERE name='WEB1-1'),
    (SELECT id FROM subjects WHERE name='Математика'),
    48, 0, 1
),
(
    (SELECT id FROM groups WHERE name='WEB1-1'),
    (SELECT id FROM subjects WHERE name='Қазақ тілі'),
    48, 0, 1
),
(
    (SELECT id FROM groups WHERE name='WEB1-1'),
    (SELECT id FROM subjects WHERE name='Қазақ әдебиеті'),
    48, 0, 1
),
(
    (SELECT id FROM groups WHERE name='WEB1-1'),
    (SELECT id FROM subjects WHERE name='Орыс тілі және әдебиеті'),
    48, 48, 1
),
(
    (SELECT id FROM groups WHERE name='WEB1-1'),
    (SELECT id FROM subjects WHERE name='Шетел тілі '),
    48, 48, 1
),
(
    (SELECT id FROM groups WHERE name='WEB1-1'),
    (SELECT id FROM subjects WHERE name='Қазақстан тарихы'),
    24, 0, 1
),
(
    (SELECT id FROM groups WHERE name='WEB1-1'),
    (SELECT id FROM subjects WHERE name='Дүниежүзі тарихы'),
    24, 0, 1
),
(
    (SELECT id FROM groups WHERE name='WEB1-1'),
    (SELECT id FROM subjects WHERE name='Математика'),
    72, 0, 1
),
(
    (SELECT id FROM groups WHERE name='WEB1-1'),
    (SELECT id FROM subjects WHERE name='Информатика'),
    24, 24, 1
),
(
    (SELECT id FROM groups WHERE name='WEB1-1'),
    (SELECT id FROM subjects WHERE name='Физика'),
    48, 0, 1
),
(
    (SELECT id FROM groups WHERE name='WEB1-1'),
    (SELECT id FROM subjects WHERE name='Химия'),
    48, 0, 1
),
(
    (SELECT id FROM groups WHERE name='WEB1-1'),
    (SELECT id FROM subjects WHERE name='Биология'),
    24, 0, 1
),
(
    (SELECT id FROM groups WHERE name='WEB1-1'),
    (SELECT id FROM subjects WHERE name='Графика және жобалау'),
    36, 0, 1
),
(
    (SELECT id FROM groups WHERE name='WEB1-1'),
    (SELECT id FROM subjects WHERE name='НВП'),
    36, 0, 1
),
(
    (SELECT id FROM groups WHERE name='WEB1-1'),
    (SELECT id FROM subjects WHERE name='Дене тәрбиесі'),
    48, 48, 1
),
(
    (SELECT id FROM groups WHERE name='WEB1-1'),
    (SELECT id FROM subjects WHERE name='КМ 01 '),
    24, 72, 1
),
(
    (SELECT id FROM groups WHERE name='WEB1-2'),
    (SELECT id FROM subjects WHERE name='КМ 01 '),
    24, 72, 1
),
(
    (SELECT id FROM groups WHERE name='WEB1-2'),
    (SELECT id FROM subjects WHERE name='Биология'),
    24, 0, 1
),
(
    (SELECT id FROM groups WHERE name='WEB1-2'),
    (SELECT id FROM subjects WHERE name='Дене тәрбиесі'),
    48, 48, 1
),
(
    (SELECT id FROM groups WHERE name='WEB1-2'),
    (SELECT id FROM subjects WHERE name='Математика'),
    48, 0, 1
),
(
    (SELECT id FROM groups WHERE name='WEB1-2'),
    (SELECT id FROM subjects WHERE name='Қазақ тілі'),
    48, 0, 1
),
(
    (SELECT id FROM groups WHERE name='WEB1-2'),
    (SELECT id FROM subjects WHERE name='Қазақ әдебиеті'),
    48, 0, 1
),
(
    (SELECT id FROM groups WHERE name='WEB1-2'),
    (SELECT id FROM subjects WHERE name='Орыс тілі және әдебиеті'),
    48, 48, 1
),
(
    (SELECT id FROM groups WHERE name='WEB1-2'),
    (SELECT id FROM subjects WHERE name='Шетел тілі '),
    48, 48, 1
),
(
    (SELECT id FROM groups WHERE name='WEB1-2'),
    (SELECT id FROM subjects WHERE name='Қазақстан тарихы'),
    24, 0, 1
),
(
    (SELECT id FROM groups WHERE name='WEB1-2'),
    (SELECT id FROM subjects WHERE name='Дүниежүзі тарихы'),
    24, 0, 1
),
(
    (SELECT id FROM groups WHERE name='WEB1-2'),
    (SELECT id FROM subjects WHERE name='Математика'),
    72, 0, 1
),
(
    (SELECT id FROM groups WHERE name='WEB1-2'),
    (SELECT id FROM subjects WHERE name='Информатика'),
    24, 24, 1
),
(
    (SELECT id FROM groups WHERE name='WEB1-2'),
    (SELECT id FROM subjects WHERE name='Физика'),
    48, 0, 1
),
(
    (SELECT id FROM groups WHERE name='WEB1-2'),
    (SELECT id FROM subjects WHERE name='Химия'),
    48, 0, 1
),
(
    (SELECT id FROM groups WHERE name='WEB1-2'),
    (SELECT id FROM subjects WHERE name='Графика және жобалау'),
    36, 0, 1
),
(
    (SELECT id FROM groups WHERE name='WEB1-2'),
    (SELECT id FROM subjects WHERE name='НВП'),
    36, 0, 1
),
(
    (SELECT id FROM groups WHERE name='WEB1-3'),
    (SELECT id FROM subjects WHERE name='НВП'),
    36, 0, 1
),
(
    (SELECT id FROM groups WHERE name='WEB1-3'),
    (SELECT id FROM subjects WHERE name='Русский язык '),
    48, 0, 1
),
(
    (SELECT id FROM groups WHERE name='WEB1-3'),
    (SELECT id FROM subjects WHERE name='Русская литература'),
    48, 0, 1
),
(
    (SELECT id FROM groups WHERE name='WEB1-3'),
    (SELECT id FROM subjects WHERE name='Казахский язык '),
    48, 0, 1
),
(
    (SELECT id FROM groups WHERE name='WEB1-3'),
    (SELECT id FROM subjects WHERE name='Иностранный язык'),
    48, 0, 1
),
(
    (SELECT id FROM groups WHERE name='WEB1-3'),
    (SELECT id FROM subjects WHERE name='История Казахстана '),
    24, 0, 1
),
(
    (SELECT id FROM groups WHERE name='WEB1-3'),
    (SELECT id FROM subjects WHERE name='Всемирная история'),
    24, 0, 1
),
(
    (SELECT id FROM groups WHERE name='WEB1-3'),
    (SELECT id FROM subjects WHERE name='Математика'),
    72, 0, 1
),
(
    (SELECT id FROM groups WHERE name='WEB1-3'),
    (SELECT id FROM subjects WHERE name='Информатика'),
    24, 24, 1
),
(
    (SELECT id FROM groups WHERE name='WEB1-3'),
    (SELECT id FROM subjects WHERE name='Физика '),
    48, 0, 1
),
(
    (SELECT id FROM groups WHERE name='WEB1-3'),
    (SELECT id FROM subjects WHERE name='Химия'),
    48, 0, 1
),
(
    (SELECT id FROM groups WHERE name='WEB1-3'),
    (SELECT id FROM subjects WHERE name='Биология'),
    24, 0, 1
),
(
    (SELECT id FROM groups WHERE name='WEB1-3'),
    (SELECT id FROM subjects WHERE name='Графика и проектирование'),
    36, 0, 1
),
(
    (SELECT id FROM groups WHERE name='WEB1-3'),
    (SELECT id FROM subjects WHERE name='Учебно-полевые сборы'),
    36, 36, 1
),
(
    (SELECT id FROM groups WHERE name='WEB1-3'),
    (SELECT id FROM subjects WHERE name='Физическая культура'),
    48, 48, 1
),
(
    (SELECT id FROM groups WHERE name='WEB1-3'),
    (SELECT id FROM subjects WHERE name='ПМ 01 '),
    24, 72, 1
),
(
    (SELECT id FROM groups WHERE name='РПО1-1'),
    (SELECT id FROM subjects WHERE name='ПМ 01 '),
    24, 72, 1
),
(
    (SELECT id FROM groups WHERE name='РПО1-1'),
    (SELECT id FROM subjects WHERE name='Математика'),
    24, 72, 1
),
(
    (SELECT id FROM groups WHERE name='РПО1-1'),
    (SELECT id FROM subjects WHERE name='Биология'),
    24, 72, 1
),
(
    (SELECT id FROM groups WHERE name='РПО1-1'),
    (SELECT id FROM subjects WHERE name='Начальная военная подготовка'),
    24, 72, 1
),
(
    (SELECT id FROM groups WHERE name='РПО1-1'),
    (SELECT id FROM subjects WHERE name='Учебно-полевые сборы'),
    24, 72, 1
),
(
    (SELECT id FROM groups WHERE name='РПО1-1'),
    (SELECT id FROM subjects WHERE name='Физическая культура'),
    24, 72, 1
),
(
    (SELECT id FROM groups WHERE name='РПО1-1'),
    (SELECT id FROM subjects WHERE name='РО 1.1 '),
    24, 72, 1
),
(
    (SELECT id FROM groups WHERE name='РПО1-1'),
    (SELECT id FROM subjects WHERE name='РО 2.1 '),
    24, 72, 1
),
(
    (SELECT id FROM groups WHERE name='РПО1-1'),
    (SELECT id FROM subjects WHERE name='НВП'),
    36, 0, 1
),
(
    (SELECT id FROM groups WHERE name='РПО1-1'),
    (SELECT id FROM subjects WHERE name='Русский язык '),
    48, 0, 1
),
(
    (SELECT id FROM groups WHERE name='РПО1-1'),
    (SELECT id FROM subjects WHERE name='Русская литература'),
    48, 0, 1
),
(
    (SELECT id FROM groups WHERE name='РПО1-1'),
    (SELECT id FROM subjects WHERE name='Казахский язык '),
    48, 0, 1
),
(
    (SELECT id FROM groups WHERE name='РПО1-1'),
    (SELECT id FROM subjects WHERE name='Иностранный язык'),
    48, 0, 1
),
(
    (SELECT id FROM groups WHERE name='РПО1-1'),
    (SELECT id FROM subjects WHERE name='История Казахстана '),
    24, 0, 1
),
(
    (SELECT id FROM groups WHERE name='РПО1-1'),
    (SELECT id FROM subjects WHERE name='Всемирная история'),
    24, 0, 1
),
(
    (SELECT id FROM groups WHERE name='РПО1-1'),
    (SELECT id FROM subjects WHERE name='Физика '),
    48, 0, 1
),
(
    (SELECT id FROM groups WHERE name='РПО1-1'),
    (SELECT id FROM subjects WHERE name='Химия'),
    48, 0, 1
),
(
    (SELECT id FROM groups WHERE name='ТК1-1'),
    (SELECT id FROM subjects WHERE name='Русский язык'),
    48, 0, 1
),
(
    (SELECT id FROM groups WHERE name='ТК1-1'),
    (SELECT id FROM subjects WHERE name='Казахский язык и литература'),
    48, 48, 1
),
(
    (SELECT id FROM groups WHERE name='ТК1-1'),
    (SELECT id FROM subjects WHERE name='История Казахстана'),
    24, 0, 1
),
(
    (SELECT id FROM groups WHERE name='ТК1-1'),
    (SELECT id FROM subjects WHERE name='Математика'),
    72, 0, 1
),
(
    (SELECT id FROM groups WHERE name='ТК1-1'),
    (SELECT id FROM subjects WHERE name='Химия'),
    96, 0, 1
),
(
    (SELECT id FROM groups WHERE name='ТК1-1'),
    (SELECT id FROM subjects WHERE name='НВП'),
    12, 0, 1
),
(
    (SELECT id FROM groups WHERE name='ТК1-1'),
    (SELECT id FROM subjects WHERE name='Физическая культура'),
    0, 48, 1
),
(
    (SELECT id FROM groups WHERE name='ТК1-1'),
    (SELECT id FROM subjects WHERE name='ПМ 01 Охрана труда'),
    36, 0, 1
),
(
    (SELECT id FROM groups WHERE name='ТК1-1'),
    (SELECT id FROM subjects WHERE name='ПМ 01 Санитария и гигиена'),
    36, 0, 1
),
(
    (SELECT id FROM groups WHERE name='ТК1-1'),
    (SELECT id FROM subjects WHERE name='ПМ 01 Пищевая безопасность'),
    48, 0, 1
),
(
    (SELECT id FROM groups WHERE name='ТК1-1'),
    (SELECT id FROM subjects WHERE name='ПМ 01 Микробиология'),
    72, 0, 1
),
(
    (SELECT id FROM groups WHERE name='ТК1-1'),
    (SELECT id FROM subjects WHERE name='ПМ 02 Сырье'),
    24, 0, 1
),
(
    (SELECT id FROM groups WHERE name='ТК1-1'),
    (SELECT id FROM subjects WHERE name='ПМ 02 Технология'),
    24, 48, 1
),
(
    (SELECT id FROM groups WHERE name='ТК1-1'),
    (SELECT id FROM subjects WHERE name='ПМ 02 Оборудование'),
    12, 0, 1
),

-- Группа ТП 1-1
(
    (SELECT id FROM groups WHERE name='ТП1-1'),
    (SELECT id FROM subjects WHERE name='Русский язык'),
    48, 0, 1
),
(
    (SELECT id FROM groups WHERE name='ТП1-1'),
    (SELECT id FROM subjects WHERE name='Русская литература'),
    48, 0, 1
),
(
    (SELECT id FROM groups WHERE name='ТП1-1'),
    (SELECT id FROM subjects WHERE name='Иностранный язык'),
    0, 48, 1
),
(
    (SELECT id FROM groups WHERE name='ТП1-1'),
    (SELECT id FROM subjects WHERE name='История Казахстана'),
    24, 0, 1
),
(
    (SELECT id FROM groups WHERE name='ТП1-1'),
    (SELECT id FROM subjects WHERE name='Всемирная история'),
    24, 0, 1
),
(
    (SELECT id FROM groups WHERE name='ТП1-1'),
    (SELECT id FROM subjects WHERE name='Математика'),
    72, 0, 1
),
(
    (SELECT id FROM groups WHERE name='ТП1-1'),
    (SELECT id FROM subjects WHERE name='Информатика'),
    0, 24, 1
),
(
    (SELECT id FROM groups WHERE name='ТП1-1'),
    (SELECT id FROM subjects WHERE name='Физика'),
    24, 0, 1
),
(
    (SELECT id FROM groups WHERE name='ТП1-1'),
    (SELECT id FROM subjects WHERE name='Химия'),
    48, 0, 1
),
(
    (SELECT id FROM groups WHERE name='ТП1-1'),
    (SELECT id FROM subjects WHERE name='Биология'),
    24, 0, 1
),
(
    (SELECT id FROM groups WHERE name='ТП1-1'),
    (SELECT id FROM subjects WHERE name='НВП'),
    12, 0, 1
),
(
    (SELECT id FROM groups WHERE name='ТП1-1'),
    (SELECT id FROM subjects WHERE name='Физическая культура'),
    0, 48, 1
),
(
    (SELECT id FROM groups WHERE name='ТП1-1'),
    (SELECT id FROM subjects WHERE name='ПМ 01 Охрана труда'),
    36, 0, 1
),
(
    (SELECT id FROM groups WHERE name='ТП1-1'),
    (SELECT id FROM subjects WHERE name='ПМ 01 Санитария и гигиена'),
    36, 0, 1
),
(
    (SELECT id FROM groups WHERE name='ТП1-1'),
    (SELECT id FROM subjects WHERE name='ПМ 01 Пищевая безопасность'),
    48, 0, 1
),
(
    (SELECT id FROM groups WHERE name='ТП1-1'),
    (SELECT id FROM subjects WHERE name='ПМ 01 Микробиология'),
    36, 0, 1
),

-- Группа ОП 1-1 (қ)
(
    (SELECT id FROM groups WHERE name='ОП1-1'),
    (SELECT id FROM subjects WHERE name='Казахская литература'),
    48, 0, 1
),
(
    (SELECT id FROM groups WHERE name='ОП1-1'),
    (SELECT id FROM subjects WHERE name='Русский язык'),
    0, 48, 1
),
(
    (SELECT id FROM groups WHERE name='ОП1-1'),
    (SELECT id FROM subjects WHERE name='История Казахстана'),
    24, 0, 1
),
(
    (SELECT id FROM groups WHERE name='ОП1-1'),
    (SELECT id FROM subjects WHERE name='Математика'),
    72, 0, 1
),
(
    (SELECT id FROM groups WHERE name='ОП1-1'),
    (SELECT id FROM subjects WHERE name='Биология'),
    72, 0, 1
),
(
    (SELECT id FROM groups WHERE name='ОП1-1'),
    (SELECT id FROM subjects WHERE name='География'),
    96, 0, 1
),
(
    (SELECT id FROM groups WHERE name='ОП1-1'),
    (SELECT id FROM subjects WHERE name='НВП'),
    12, 0, 1
),
(
    (SELECT id FROM groups WHERE name='ОП1-1'),
    (SELECT id FROM subjects WHERE name='Физическая культура'),
    0, 48, 1
),
(
    (SELECT id FROM groups WHERE name='ОП1-1'),
    (SELECT id FROM subjects WHERE name='КМ 01 Охрана труда'),
    48, 0, 1
),
(
    (SELECT id FROM groups WHERE name='ОП1-1'),
    (SELECT id FROM subjects WHERE name='КМ 01 Санитарная гигиена'),
    24, 0, 1
),
(
    (SELECT id FROM groups WHERE name='ОП1-1'),
    (SELECT id FROM subjects WHERE name='КМ 01 Контроль'),
    24, 0, 1
),
(
    (SELECT id FROM groups WHERE name='ОП1-1'),
    (SELECT id FROM subjects WHERE name='КМ 01 Микробиология'),
    24, 0, 1
),
(
    (SELECT id FROM groups WHERE name='ОП1-1'),
    (SELECT id FROM subjects WHERE name='КМ 01 Физиология'),
    36, 0, 1
),
(
    (SELECT id FROM groups WHERE name='ОП1-1'),
    (SELECT id FROM subjects WHERE name='КМ 02 Технология приготовления пищи'),
    32, 56, 1
),

-- Группа ОП 1-2
(
    (SELECT id FROM groups WHERE name='ОП1-2'),
    (SELECT id FROM subjects WHERE name='Математика'),
    72, 0, 1
),
(
    (SELECT id FROM groups WHERE name='ОП1-2'),
    (SELECT id FROM subjects WHERE name='География'),
    96, 0, 1
),
(
    (SELECT id FROM groups WHERE name='ОП1-2'),
    (SELECT id FROM subjects WHERE name='Биология'),
    72, 0, 1
),
(
    (SELECT id FROM groups WHERE name='ОП1-2'),
    (SELECT id FROM subjects WHERE name='ПМ 01 Охрана труда'),
    48, 0, 1
),
(
    (SELECT id FROM groups WHERE name='ОП1-2'),
    (SELECT id FROM subjects WHERE name='ПМ 01 Санитарная гигиена'),
    24, 0, 1
),
(
    (SELECT id FROM groups WHERE name='ОП1-2'),
    (SELECT id FROM subjects WHERE name='ПМ 01 Контроль'),
    24, 0, 1
),
(
    (SELECT id FROM groups WHERE name='ОП1-2'),
    (SELECT id FROM subjects WHERE name='ПМ 01 Микробиология'),
    24, 0, 1
),
(
    (SELECT id FROM groups WHERE name='ОП1-2'),
    (SELECT id FROM subjects WHERE name='ПМ 01 Физиология'),
    36, 0, 1
),
(
    (SELECT id FROM groups WHERE name='ОП1-2'),
    (SELECT id FROM subjects WHERE name='ПМ 02 Технология приготовления'),
    80, 56, 1
),
(
    (SELECT id FROM groups WHERE name='ОП1-2'),
    (SELECT id FROM subjects WHERE name='Казахская литература'),
    48, 0, 1
),
(
    (SELECT id FROM groups WHERE name='ОП1-2'),
    (SELECT id FROM subjects WHERE name='Русский язык'),
    0, 48, 1
),
(
    (SELECT id FROM groups WHERE name='ОП1-2'),
    (SELECT id FROM subjects WHERE name='История Казахстана'),
    24, 0, 1
),
(
    (SELECT id FROM groups WHERE name='ОП1-2'),
    (SELECT id FROM subjects WHERE name='Физика'),
    24, 0, 1
),
(
    (SELECT id FROM groups WHERE name='ОП1-2'),
    (SELECT id FROM subjects WHERE name='НВП'),
    12, 0, 1
),
(
    (SELECT id FROM groups WHERE name='ОП1-2'),
    (SELECT id FROM subjects WHERE name='Физическая культура'),
    0, 48, 1
),

-- Группа БУХ 1-1 (қ)
(
    (SELECT id FROM groups WHERE name='БУХ1-1'),
    (SELECT id FROM subjects WHERE name='Математика'),
    48, 0, 1
),
(
    (SELECT id FROM groups WHERE name='БУХ1-1'),
    (SELECT id FROM subjects WHERE name='Казахский язык'),
    72, 0, 1
),
(
    (SELECT id FROM groups WHERE name='БУХ1-1'),
    (SELECT id FROM subjects WHERE name='Русский язык'),
    48, 0, 1
),
(
    (SELECT id FROM groups WHERE name='БУХ1-1'),
    (SELECT id FROM subjects WHERE name='Иностранный язык'),
    0, 48, 1
),
(
    (SELECT id FROM groups WHERE name='БУХ1-1'),
    (SELECT id FROM subjects WHERE name='История Казахстана'),
    48, 0, 1
),
(
    (SELECT id FROM groups WHERE name='БУХ1-1'),
    (SELECT id FROM subjects WHERE name='Всемирная история'),
    24, 0, 1
),
(
    (SELECT id FROM groups WHERE name='БУХ1-1'),
    (SELECT id FROM subjects WHERE name='География'),
    36, 0, 1
),
(
    (SELECT id FROM groups WHERE name='БУХ1-1'),
    (SELECT id FROM subjects WHERE name='Биология'),
    24, 0, 1
),
(
    (SELECT id FROM groups WHERE name='БУХ1-1'),
    (SELECT id FROM subjects WHERE name='НВП'),
    36, 0, 1
),
(
    (SELECT id FROM groups WHERE name='БУХ1-1'),
    (SELECT id FROM subjects WHERE name='РО 3.1 Экономика и предпринимательство'),
    36, 0, 1
),
(
    (SELECT id FROM groups WHERE name='БУХ1-1'),
    (SELECT id FROM subjects WHERE name='РО 3.2 Экономика и предпринимательство'),
    60, 0, 1
),
(
    (SELECT id FROM groups WHERE name='БУХ1-1'),
    (SELECT id FROM subjects WHERE name='РО 3.3 Экономика и предпринимательство'),
    48, 0, 1
),
(
    (SELECT id FROM groups WHERE name='БУХ1-1'),
    (SELECT id FROM subjects WHERE name='РО 3.4 Экономика и предпринимательство'),
    36, 0, 1
),
(
    (SELECT id FROM groups WHERE name='БУХ1-1'),
    (SELECT id FROM subjects WHERE name='Этика деловых отношений'),
    24, 0, 1
),

-- Группа БУХ 1-2 (р)
(
    (SELECT id FROM groups WHERE name='БУХ1-2'),
    (SELECT id FROM subjects WHERE name='Математика'),
    48, 0, 1
),
(
    (SELECT id FROM groups WHERE name='БУХ1-2'),
    (SELECT id FROM subjects WHERE name='Казахский язык'),
    72, 0, 1
),
(
    (SELECT id FROM groups WHERE name='БУХ1-2'),
    (SELECT id FROM subjects WHERE name='Русский язык'),
    72, 0, 1
),
(
    (SELECT id FROM groups WHERE name='БУХ1-2'),
    (SELECT id FROM subjects WHERE name='Иностранный язык'),
    0, 48, 1
),
(
    (SELECT id FROM groups WHERE name='БУХ1-2'),
    (SELECT id FROM subjects WHERE name='История Казахстана'),
    48, 0, 1
),
(
    (SELECT id FROM groups WHERE name='БУХ1-2'),
    (SELECT id FROM subjects WHERE name='Всемирная история'),
    24, 0, 1
),
(
    (SELECT id FROM groups WHERE name='БУХ1-2'),
    (SELECT id FROM subjects WHERE name='География'),
    36, 0, 1
),
(
    (SELECT id FROM groups WHERE name='БУХ1-2'),
    (SELECT id FROM subjects WHERE name='Биология'),
    24, 0, 1
),
(
    (SELECT id FROM groups WHERE name='БУХ1-2'),
    (SELECT id FROM subjects WHERE name='НВП'),
    36, 0, 1
),
(
    (SELECT id FROM groups WHERE name='БУХ1-2'),
    (SELECT id FROM subjects WHERE name='РО 3.1 Экономика и предпринимательство'),
    36, 0, 1
),
(
    (SELECT id FROM groups WHERE name='БУХ1-2'),
    (SELECT id FROM subjects WHERE name='РО 3.2 Экономика и предпринимательство'),
    60, 0, 1
),
(
    (SELECT id FROM groups WHERE name='БУХ1-2'),
    (SELECT id FROM subjects WHERE name='РО 3.3 Экономика и предпринимательство'),
    48, 0, 1
),
(
    (SELECT id FROM groups WHERE name='БУХ1-2'),
    (SELECT id FROM subjects WHERE name='РО 3.4 Экономика и предпринимательство'),
    36, 0, 1
),
(
    (SELECT id FROM groups WHERE name='БУХ1-2'),
    (SELECT id FROM subjects WHERE name='Этика деловых отношений'),
    24, 0, 1
),

-- Группа БУХ 1-3 (р)
(
    (SELECT id FROM groups WHERE name='БУХ1-3'),
    (SELECT id FROM subjects WHERE name='Математика'),
    48, 0, 1
),
(
    (SELECT id FROM groups WHERE name='БУХ1-3'),
    (SELECT id FROM subjects WHERE name='Казахский язык'),
    72, 0, 1
),
(
    (SELECT id FROM groups WHERE name='БУХ1-3'),
    (SELECT id FROM subjects WHERE name='Русский язык'),
    72, 0, 1
),
(
    (SELECT id FROM groups WHERE name='БУХ1-3'),
    (SELECT id FROM subjects WHERE name='Иностранный язык'),
    0, 48, 1
),
(
    (SELECT id FROM groups WHERE name='БУХ1-3'),
    (SELECT id FROM subjects WHERE name='История Казахстана'),
    48, 0, 1
),
(
    (SELECT id FROM groups WHERE name='БУХ1-3'),
    (SELECT id FROM subjects WHERE name='Всемирная история'),
    24, 0, 1
),
(
    (SELECT id FROM groups WHERE name='БУХ1-3'),
    (SELECT id FROM subjects WHERE name='География'),
    36, 0, 1
),
(
    (SELECT id FROM groups WHERE name='БУХ1-3'),
    (SELECT id FROM subjects WHERE name='Биология'),
    24, 0, 1
),
(
    (SELECT id FROM groups WHERE name='БУХ1-3'),
    (SELECT id FROM subjects WHERE name='НВП'),
    36, 0, 1
),
(
    (SELECT id FROM groups WHERE name='БУХ1-3'),
    (SELECT id FROM subjects WHERE name='РО 3.1 Экономика и предпринимательство'),
    36, 0, 1
),
(
    (SELECT id FROM groups WHERE name='БУХ1-3'),
    (SELECT id FROM subjects WHERE name='РО 3.2 Экономика и предпринимательство'),
    60, 0, 1
),
(
    (SELECT id FROM groups WHERE name='БУХ1-3'),
    (SELECT id FROM subjects WHERE name='РО 3.3 Экономика и предпринимательство'),
    48, 0, 1
),
(
    (SELECT id FROM groups WHERE name='БУХ1-3'),
    (SELECT id FROM subjects WHERE name='РО 3.4 Экономика и предпринимательство'),
    36, 0, 1
),
(
    (SELECT id FROM groups WHERE name='БУХ1-3'),
    (SELECT id FROM subjects WHERE name='Этика деловых отношений'),
    24, 0, 1
),

-- =====================================
-- 2 КУРС
-- =====================================

-- Группа WEB 2-1 (қ)
(
    (SELECT id FROM groups WHERE name='WEB2-1'),
    (SELECT id FROM subjects WHERE name='Дене шынықтыру'),
    24, 0, 1
),
(
    (SELECT id FROM groups WHERE name='WEB2-1'),
    (SELECT id FROM subjects WHERE name='ОН 3.1 Экономика және кәсіпкерлік'),
    28, 8, 1
),
(
    (SELECT id FROM groups WHERE name='WEB2-1'),
    (SELECT id FROM subjects WHERE name='ОН 3.2 Экономика және кәсіпкерлік'),
    18, 8, 1
),
(
    (SELECT id FROM groups WHERE name='WEB2-1'),
    (SELECT id FROM subjects WHERE name='ОН 3.3 Экономика және кәсіпкерлік'),
    20, 16, 1
),
(
    (SELECT id FROM groups WHERE name='WEB2-1'),
    (SELECT id FROM subjects WHERE name='ОН 3.4 Кәсіби этика'),
    8, 4, 1
),
(
    (SELECT id FROM groups WHERE name='WEB2-1'),
    (SELECT id FROM subjects WHERE name='ОН 3.1 Интерактивті дизайн'),
    84, 60, 1
),
(
    (SELECT id FROM groups WHERE name='WEB2-1'),
    (SELECT id FROM subjects WHERE name='ОН 3.2 Визуалды бағдарламалау'),
    24, 24, 1
),
(
    (SELECT id FROM groups WHERE name='WEB2-1'),
    (SELECT id FROM subjects WHERE name='ОН 3.3 Портфолио беттеу'),
    48, 48, 1
),

-- Группа WEB 2-2 (қ)
(
    (SELECT id FROM groups WHERE name='WEB2-2'),
    (SELECT id FROM subjects WHERE name='Дене шынықтыру'),
    24, 0, 1
),
(
    (SELECT id FROM groups WHERE name='WEB2-2'),
    (SELECT id FROM subjects WHERE name='ОН 3.1 Интерактивті дизайн'),
    84, 60, 1
),
(
    (SELECT id FROM groups WHERE name='WEB2-2'),
    (SELECT id FROM subjects WHERE name='ОН 3.2 Визуалды бағдарламалау'),
    24, 24, 1
),
(
    (SELECT id FROM groups WHERE name='WEB2-2'),
    (SELECT id FROM subjects WHERE name='ОН 3.3 Портфолио беттеу'),
    48, 48, 1
),
(
    (SELECT id FROM groups WHERE name='WEB2-2'),
    (SELECT id FROM subjects WHERE name='ОН 3.1 Экономика және кәсіпкерлік'),
    28, 8, 1
),
(
    (SELECT id FROM groups WHERE name='WEB2-2'),
    (SELECT id FROM subjects WHERE name='ОН 3.2 Экономика және кәсіпкерлік'),
    18, 8, 1
),
(
    (SELECT id FROM groups WHERE name='WEB2-2'),
    (SELECT id FROM subjects WHERE name='ОН 3.3 Экономика және кәсіпкерлік'),
    20, 16, 1
),
(
    (SELECT id FROM groups WHERE name='WEB2-2'),
    (SELECT id FROM subjects WHERE name='ОН 3.4 Кәсіби этика'),
    8, 4, 1
),

-- Группа WEB 2-3 (р)
(
    (SELECT id FROM groups WHERE name='WEB2-3'),
    (SELECT id FROM subjects WHERE name='Физическая культура'),
    24, 0, 1
),
(
    (SELECT id FROM groups WHERE name='WEB2-3'),
    (SELECT id FROM subjects WHERE name='РО 3.1 Экономика и предпринимательство'),
    28, 8, 1
),
(
    (SELECT id FROM groups WHERE name='WEB2-3'),
    (SELECT id FROM subjects WHERE name='РО 3.2 Экономика и предпринимательство'),
    18, 8, 1
),
(
    (SELECT id FROM groups WHERE name='WEB2-3'),
    (SELECT id FROM subjects WHERE name='РО 3.3 Экономика и предпринимательство'),
    20, 16, 1
),
(
    (SELECT id FROM groups WHERE name='WEB2-3'),
    (SELECT id FROM subjects WHERE name='Профессиональная этика'),
    8, 4, 1
),
(
    (SELECT id FROM groups WHERE name='WEB2-3'),
    (SELECT id FROM subjects WHERE name='Интерактивный дизайн'),
    84, 60, 1
),
(
    (SELECT id FROM groups WHERE name='WEB2-3'),
    (SELECT id FROM subjects WHERE name='Визуальное программирование'),
    24, 24, 1
),
(
    (SELECT id FROM groups WHERE name='WEB2-3'),
    (SELECT id FROM subjects WHERE name='Верстка портфолио'),
    48, 48, 1
),

-- Группа БД 2-1
(
    (SELECT id FROM groups WHERE name='БД2-1'),
    (SELECT id FROM subjects WHERE name='ОН 1.1'),
    24, 36, 1
),
(
    (SELECT id FROM groups WHERE name='БД2-1'),
    (SELECT id FROM subjects WHERE name='ОН 1.2'),
    24, 36, 1
),
(
    (SELECT id FROM groups WHERE name='БД2-1'),
    (SELECT id FROM subjects WHERE name='ОН 4.1'),
    24, 0, 1
),
(
    (SELECT id FROM groups WHERE name='БД2-1'),
    (SELECT id FROM subjects WHERE name='ОН 4.2'),
    24, 0, 1
),
(
    (SELECT id FROM groups WHERE name='БД2-1'),
    (SELECT id FROM subjects WHERE name='ОН 4.3'),
    24, 0, 1
),
(
    (SELECT id FROM groups WHERE name='БД2-1'),
    (SELECT id FROM subjects WHERE name='ОН 4.4'),
    24, 0, 1
),
(
    (SELECT id FROM groups WHERE name='БД2-1'),
    (SELECT id FROM subjects WHERE name='РО 2.1'),
    48, 0, 1
),
(
    (SELECT id FROM groups WHERE name='БД2-1'),
    (SELECT id FROM subjects WHERE name='РО 2.2'),
    24, 0, 1
),
(
    (SELECT id FROM groups WHERE name='БД2-1'),
    (SELECT id FROM subjects WHERE name='РО 2.3'),
    24, 0, 1
),
(
    (SELECT id FROM groups WHERE name='БД2-1'),
    (SELECT id FROM subjects WHERE name='РО 2.4'),
    48, 0, 1
),
(
    (SELECT id FROM groups WHERE name='БД2-1'),
    (SELECT id FROM subjects WHERE name='РО 2.5'),
    48, 0, 1
),
(
    (SELECT id FROM groups WHERE name='БД2-1'),
    (SELECT id FROM subjects WHERE name='РО 2.6'),
    72, 0, 1
),
(
    (SELECT id FROM groups WHERE name='БД2-1'),
    (SELECT id FROM subjects WHERE name='РО 3.1'),
    48, 0, 1
),
(
    (SELECT id FROM groups WHERE name='БД2-1'),
    (SELECT id FROM subjects WHERE name='РО 3.2'),
    24, 0, 1
),
(
    (SELECT id FROM groups WHERE name='БД2-1'),
    (SELECT id FROM subjects WHERE name='РО 3.3'),
    72, 0, 1
),
(
    (SELECT id FROM groups WHERE name='БД2-1'),
    (SELECT id FROM subjects WHERE name='РО 4.1'),
    60, 0, 1
),
(
    (SELECT id FROM groups WHERE name='БД2-1'),
    (SELECT id FROM subjects WHERE name='РО 4.2'),
    48, 0, 1
),
(
    (SELECT id FROM groups WHERE name='БД2-1'),
    (SELECT id FROM subjects WHERE name='РО 4.3'),
    60, 0, 1
),
(
    (SELECT id FROM groups WHERE name='БД2-1'),
    (SELECT id FROM subjects WHERE name='РО 4.4'),
    72, 0, 1
),

-- Группа РПО 2-1 (р)
(
    (SELECT id FROM groups WHERE name='РПО2-1'),
    (SELECT id FROM subjects WHERE name='РО 3.1 Экономика'),
    40, 8, 1
),
(
    (SELECT id FROM groups WHERE name='РПО2-1'),
    (SELECT id FROM subjects WHERE name='РО 3.2 Экономика'),
    24, 12, 1
),
(
    (SELECT id FROM groups WHERE name='РПО2-1'),
    (SELECT id FROM subjects WHERE name='РО 3.3 Экономика'),
    36, 12, 1
),
(
    (SELECT id FROM groups WHERE name='РПО2-1'),
    (SELECT id FROM subjects WHERE name='РО 3.4 Этика'),
    20, 4, 1
),
(
    (SELECT id FROM groups WHERE name='РПО2-1'),
    (SELECT id FROM subjects WHERE name='РО 4.1 Базы данных'),
    24, 48, 1
),
(
    (SELECT id FROM groups WHERE name='РПО2-1'),
    (SELECT id FROM subjects WHERE name='РО 4.2 Базы данных'),
    20, 56, 1
),
(
    (SELECT id FROM groups WHERE name='РПО2-1'),
    (SELECT id FROM subjects WHERE name='РО 4.3 SQL-запросы'),
    0, 72, 1
),
(
    (SELECT id FROM groups WHERE name='РПО2-1'),
    (SELECT id FROM subjects WHERE name='РО 5.1 Интерфейсы'),
    30, 36, 1
),
(
    (SELECT id FROM groups WHERE name='РПО2-1'),
    (SELECT id FROM subjects WHERE name='РО 5.2 Интерфейсы'),
    18, 36, 1
),
(
    (SELECT id FROM groups WHERE name='РПО2-1'),
    (SELECT id FROM subjects WHERE name='Физическая культура'),
    0, 48, 1
),

-- Группа ИС 2-1 (қ)
(
    (SELECT id FROM groups WHERE name='ИС2-1'),
    (SELECT id FROM subjects WHERE name='География'),
    24, 0, 1
),
(
    (SELECT id FROM groups WHERE name='ИС2-1'),
    (SELECT id FROM subjects WHERE name='Физкультура'),
    0, 48, 1
),
(
    (SELECT id FROM groups WHERE name='ИС2-1'),
    (SELECT id FROM subjects WHERE name='ОН 3.1 Экономика'),
    40, 8, 1
),
(
    (SELECT id FROM groups WHERE name='ИС2-1'),
    (SELECT id FROM subjects WHERE name='ОН 3.2 Экономика'),
    26, 10, 1
),
(
    (SELECT id FROM groups WHERE name='ИС2-1'),
    (SELECT id FROM subjects WHERE name='ОН 3.3 Экономика'),
    42, 6, 1
),
(
    (SELECT id FROM groups WHERE name='ИС2-1'),
    (SELECT id FROM subjects WHERE name='ОН 3.4 Этика'),
    20, 4, 1
),
(
    (SELECT id FROM groups WHERE name='ИС2-1'),
    (SELECT id FROM subjects WHERE name='ОН 3.1 Серверлік ОЖ'),
    36, 48, 1
),
(
    (SELECT id FROM groups WHERE name='ИС2-1'),
    (SELECT id FROM subjects WHERE name='ОН 3.2 Серверлік ОЖ'),
    36, 72, 1
),
(
    (SELECT id FROM groups WHERE name='ИС2-1'),
    (SELECT id FROM subjects WHERE name='ОН 3.3 Серверлік ОЖ'),
    24, 48, 1
),
(
    (SELECT id FROM groups WHERE name='ИС2-1'),
    (SELECT id FROM subjects WHERE name='ОН 4.1 Виртуалдандыру'),
    36, 72, 1
),
(
    (SELECT id FROM groups WHERE name='ИС2-1'),
    (SELECT id FROM subjects WHERE name='ОН 4.2 Виртуалдандыру'),
    0, 120, 1
),

-- Группа ТК 2-1
(
    (SELECT id FROM groups WHERE name='ТК2-1'),
    (SELECT id FROM subjects WHERE name='Физическая культура'),
    0, 48, 1
),
(
    (SELECT id FROM groups WHERE name='ТК2-1'),
    (SELECT id FROM subjects WHERE name='Информационные технологии'),
    0, 96, 1
),
(
    (SELECT id FROM groups WHERE name='ТК2-1'),
    (SELECT id FROM subjects WHERE name='Веб-порталы'),
    0, 24, 1
),
(
    (SELECT id FROM groups WHERE name='ТК2-1'),
    (SELECT id FROM subjects WHERE name='РО 4.1 Сырье'),
    24, 0, 1
),
(
    (SELECT id FROM groups WHERE name='ТК2-1'),
    (SELECT id FROM subjects WHERE name='РО 4.2 Технология'),
    96, 120, 1
),
(
    (SELECT id FROM groups WHERE name='ТК2-1'),
    (SELECT id FROM subjects WHERE name='Оборудование'),
    36, 0, 1
),

-- Группа ТХ 2-1
(
    (SELECT id FROM groups WHERE name='ТХ2-1'),
    (SELECT id FROM subjects WHERE name='Дене тәрбиесі'),
    0, 48, 1
),
(
    (SELECT id FROM groups WHERE name='ТХ2-1'),
    (SELECT id FROM subjects WHERE name='ОН 3.1 Технология'),
    96, 168, 1
),
(
    (SELECT id FROM groups WHERE name='ТХ2-1'),
    (SELECT id FROM subjects WHERE name='ОН 3.2 Технология'),
    48, 48, 1
),
(
    (SELECT id FROM groups WHERE name='ТХ2-1'),
    (SELECT id FROM subjects WHERE name='ОН 3.3 Контроль'),
    48, 0, 1
),
(
    (SELECT id FROM groups WHERE name='ТХ2-1'),
    (SELECT id FROM subjects WHERE name='ОН 3.4 Жабдық'),
    84, 0, 1
),

-- Группы ОП 2-1, ОП 2-2, ОП 2-3
(
    (SELECT id FROM groups WHERE name='ОП2-1'),
    (SELECT id FROM subjects WHERE name='Глобальные компетенции'),
    24, 0, 1
),
(
    (SELECT id FROM groups WHERE name='ОП2-1'),
    (SELECT id FROM subjects WHERE name='Физическая культура'),
    0, 48, 1
),
(
    (SELECT id FROM groups WHERE name='ОП2-1'),
    (SELECT id FROM subjects WHERE name='ИТ в профессиональной деятельности'),
    0, 60, 1
),
(
    (SELECT id FROM groups WHERE name='ОП2-1'),
    (SELECT id FROM subjects WHERE name='ПМ 04-05 Технология приготовления'),
    0, 0, 1
),
(
    (SELECT id FROM groups WHERE name='ОП2-2'),
    (SELECT id FROM subjects WHERE name='Глобальные компетенции'),
    24, 0, 1
),
(
    (SELECT id FROM groups WHERE name='ОП2-2'),
    (SELECT id FROM subjects WHERE name='Физическая культура'),
    0, 48, 1
),
(
    (SELECT id FROM groups WHERE name='ОП2-2'),
    (SELECT id FROM subjects WHERE name='ИТ в профессиональной деятельности'),
    0, 60, 1
),
(
    (SELECT id FROM groups WHERE name='ОП2-2'),
    (SELECT id FROM subjects WHERE name='ПМ 04-05 Технология приготовления'),
    0, 0, 1
),
(
    (SELECT id FROM groups WHERE name='ОП2-3'),
    (SELECT id FROM subjects WHERE name='Глобальные компетенции'),
    24, 0, 1
),
(
    (SELECT id FROM groups WHERE name='ОП2-3'),
    (SELECT id FROM subjects WHERE name='Физическая культура'),
    0, 48, 1
),
(
    (SELECT id FROM groups WHERE name='ОП2-3'),
    (SELECT id FROM subjects WHERE name='ИТ в профессиональной деятельности'),
    0, 60, 1
),
(
    (SELECT id FROM groups WHERE name='ОП2-3'),
    (SELECT id FROM subjects WHERE name='ПМ 04-05 Технология приготовления'),
    0, 0, 1
),

-- Группа ТП 2-1
(
    (SELECT id FROM groups WHERE name='ТП2-1'),
    (SELECT id FROM subjects WHERE name='Экономика'),
    48, 0, 1
),
(
    (SELECT id FROM groups WHERE name='ТП2-1'),
    (SELECT id FROM subjects WHERE name='Предпринимательство'),
    36, 0, 1
),
(
    (SELECT id FROM groups WHERE name='ТП2-1'),
    (SELECT id FROM subjects WHERE name='Этика'),
    36, 0, 1
),
(
    (SELECT id FROM groups WHERE name='ТП2-1'),
    (SELECT id FROM subjects WHERE name='РО 4.1 Технология пива'),
    96, 96, 1
),
(
    (SELECT id FROM groups WHERE name='ТП2-1'),
    (SELECT id FROM subjects WHERE name='РО 4.2 Контроль'),
    48, 0, 1
),
(
    (SELECT id FROM groups WHERE name='ТП2-1'),
    (SELECT id FROM subjects WHERE name='РО 4.3 Оборудование'),
    48, 0, 1
),

-- Группы БУХ 2-1 (қ), БУХ 2-2 (р), БУХ 2-3 (р)
(
    (SELECT id FROM groups WHERE name='БУХ2-1'),
    (SELECT id FROM subjects WHERE name='Дене тәрбиесі'),
    36, 0, 1
),
(
    (SELECT id FROM groups WHERE name='БУХ2-1'),
    (SELECT id FROM subjects WHERE name='Высшая математика'),
    36, 0, 1
),
(
    (SELECT id FROM groups WHERE name='БУХ2-1'),
    (SELECT id FROM subjects WHERE name='Экономика организации'),
    48, 0, 1
),
(
    (SELECT id FROM groups WHERE name='БУХ2-1'),
    (SELECT id FROM subjects WHERE name='Статистика'),
    48, 0, 1
),
(
    (SELECT id FROM groups WHERE name='БУХ2-1'),
    (SELECT id FROM subjects WHERE name='Налоги'),
    60, 0, 1
),
(
    (SELECT id FROM groups WHERE name='БУХ2-1'),
    (SELECT id FROM subjects WHERE name='Бухгалтерский учет'),
    48, 0, 1
),
(
    (SELECT id FROM groups WHERE name='БУХ2-1'),
    (SELECT id FROM subjects WHERE name='Финансовый учет'),
    48, 0, 1
),
(
    (SELECT id FROM groups WHERE name='БУХ2-1'),
    (SELECT id FROM subjects WHERE name='Аудит'),
    24, 0, 1
),
(
    (SELECT id FROM groups WHERE name='БУХ2-1'),
    (SELECT id FROM subjects WHERE name='1С'),
    48, 0, 1
),
(
    (SELECT id FROM groups WHERE name='БУХ2-2'),
    (SELECT id FROM subjects WHERE name='Физическая культура'),
    36, 0, 1
),
(
    (SELECT id FROM groups WHERE name='БУХ2-2'),
    (SELECT id FROM subjects WHERE name='Высшая математика'),
    36, 0, 1
),
(
    (SELECT id FROM groups WHERE name='БУХ2-2'),
    (SELECT id FROM subjects WHERE name='Экономика организации'),
    48, 0, 1
),
(
    (SELECT id FROM groups WHERE name='БУХ2-2'),
    (SELECT id FROM subjects WHERE name='Статистика'),
    48, 0, 1
),
(
    (SELECT id FROM groups WHERE name='БУХ2-2'),
    (SELECT id FROM subjects WHERE name='Налоги'),
    60, 0, 1
),
(
    (SELECT id FROM groups WHERE name='БУХ2-2'),
    (SELECT id FROM subjects WHERE name='Бухгалтерский учет'),
    48, 0, 1
),
(
    (SELECT id FROM groups WHERE name='БУХ2-2'),
    (SELECT id FROM subjects WHERE name='Финансовый учет'),
    48, 0, 1
),
(
    (SELECT id FROM groups WHERE name='БУХ2-2'),
    (SELECT id FROM subjects WHERE name='Аудит'),
    24, 0, 1
),
(
    (SELECT id FROM groups WHERE name='БУХ2-2'),
    (SELECT id FROM subjects WHERE name='1С'),
    48, 0, 1
),
(
    (SELECT id FROM groups WHERE name='БУХ2-3'),
    (SELECT id FROM subjects WHERE name='Физическая культура'),
    36, 0, 1
),
(
    (SELECT id FROM groups WHERE name='БУХ2-3'),
    (SELECT id FROM subjects WHERE name='Высшая математика'),
    36, 0, 1
),
(
    (SELECT id FROM groups WHERE name='БУХ2-3'),
    (SELECT id FROM subjects WHERE name='Экономика организации'),
    48, 0, 1
),
(
    (SELECT id FROM groups WHERE name='БУХ2-3'),
    (SELECT id FROM subjects WHERE name='Статистика'),
    48, 0, 1
),
(
    (SELECT id FROM groups WHERE name='БУХ2-3'),
    (SELECT id FROM subjects WHERE name='Налоги'),
    60, 0, 1
),
(
    (SELECT id FROM groups WHERE name='БУХ2-3'),
    (SELECT id FROM subjects WHERE name='Бухгалтерский учет'),
    48, 0, 1
),
(
    (SELECT id FROM groups WHERE name='БУХ2-3'),
    (SELECT id FROM subjects WHERE name='Финансовый учет'),
    48, 0, 1
),
(
    (SELECT id FROM groups WHERE name='БУХ2-3'),
    (SELECT id FROM subjects WHERE name='Аудит'),
    24, 0, 1
),
(
    (SELECT id FROM groups WHERE name='БУХ2-3'),
    (SELECT id FROM subjects WHERE name='1С'),
    48, 0, 1
),

-- =====================================
-- 3 КУРС
-- =====================================

-- Группы WEB 3-1 (қ), 3-2 (қ), 3-3 (р), 3-4 (р), 3-5 (р)
(
    (SELECT id FROM groups WHERE name='WEB3-1'),
    (SELECT id FROM subjects WHERE name='ОН 8.1 CMS'),
    12, 72, 1
),
(
    (SELECT id FROM groups WHERE name='WEB3-1'),
    (SELECT id FROM subjects WHERE name='ОН 8.2 Шаблоны и плагины'),
    0, 72, 1
),
(
    (SELECT id FROM groups WHERE name='WEB3-1'),
    (SELECT id FROM subjects WHERE name='Физическая культура'),
    0, 48, 1
),
(
    (SELECT id FROM groups WHERE name='WEB3-2'),
    (SELECT id FROM subjects WHERE name='ОН 8.1 CMS'),
    12, 72, 1
),
(
    (SELECT id FROM groups WHERE name='WEB3-2'),
    (SELECT id FROM subjects WHERE name='ОН 8.2 Шаблоны и плагины'),
    0, 72, 1
),
(
    (SELECT id FROM groups WHERE name='WEB3-2'),
    (SELECT id FROM subjects WHERE name='Физическая культура'),
    0, 48, 1
),
(
    (SELECT id FROM groups WHERE name='WEB3-3'),
    (SELECT id FROM subjects WHERE name='РО 8.1 CMS'),
    12, 72, 1
),
(
    (SELECT id FROM groups WHERE name='WEB3-3'),
    (SELECT id FROM subjects WHERE name='РО 8.2 Шаблоны и плагины'),
    0, 72, 1
),
(
    (SELECT id FROM groups WHERE name='WEB3-3'),
    (SELECT id FROM subjects WHERE name='Физическая культура'),
    0, 48, 1
),
(
    (SELECT id FROM groups WHERE name='WEB3-4'),
    (SELECT id FROM subjects WHERE name='РО 8.1 CMS'),
    12, 72, 1
),
(
    (SELECT id FROM groups WHERE name='WEB3-4'),
    (SELECT id FROM subjects WHERE name='РО 8.2 Шаблоны и плагины'),
    0, 72, 1
),
(
    (SELECT id FROM groups WHERE name='WEB3-4'),
    (SELECT id FROM subjects WHERE name='Физическая культура'),
    0, 48, 1
),
(
    (SELECT id FROM groups WHERE name='WEB3-5'),
    (SELECT id FROM subjects WHERE name='РО 8.1 CMS'),
    12, 72, 1
),
(
    (SELECT id FROM groups WHERE name='WEB3-5'),
    (SELECT id FROM subjects WHERE name='РО 8.2 Шаблоны и плагины'),
    0, 72, 1
),
(
    (SELECT id FROM groups WHERE name='WEB3-5'),
    (SELECT id FROM subjects WHERE name='Физическая культура'),
    0, 48, 1
),

-- Группа РПО 3-1 (р)
(
    (SELECT id FROM groups WHERE name='РПО3-1'),
    (SELECT id FROM subjects WHERE name='РО 7.1 Программирование'),
    24, 0, 1
),
(
    (SELECT id FROM groups WHERE name='РПО3-1'),
    (SELECT id FROM subjects WHERE name='РО 7.2 Программирование'),
    48, 0, 1
),
(
    (SELECT id FROM groups WHERE name='РПО3-1'),
    (SELECT id FROM subjects WHERE name='РО 8.1 Рефакторинг кода'),
    24, 0, 1
),
(
    (SELECT id FROM groups WHERE name='РПО3-1'),
    (SELECT id FROM subjects WHERE name='РО 8.2 Рефакторинг кода'),
    24, 0, 1
),
(
    (SELECT id FROM groups WHERE name='РПО3-1'),
    (SELECT id FROM subjects WHERE name='РО 9.1 Big Data'),
    48, 0, 1
),
(
    (SELECT id FROM groups WHERE name='РПО3-1'),
    (SELECT id FROM subjects WHERE name='РО 9.2 Big Data'),
    48, 0, 1
),
(
    (SELECT id FROM groups WHERE name='РПО3-1'),
    (SELECT id FROM subjects WHERE name='РО 9.3 Big Data'),
    96, 0, 1
),
(
    (SELECT id FROM groups WHERE name='РПО3-1'),
    (SELECT id FROM subjects WHERE name='РО 10.1 Микроконтроллеры'),
    24, 24, 1
),
(
    (SELECT id FROM groups WHERE name='РПО3-1'),
    (SELECT id FROM subjects WHERE name='РО 10.2 Микроконтроллеры'),
    36, 24, 1
),
(
    (SELECT id FROM groups WHERE name='РПО3-1'),
    (SELECT id FROM subjects WHERE name='РО 11.1 Мобильные приложения'),
    0, 48, 1
),
(
    (SELECT id FROM groups WHERE name='РПО3-1'),
    (SELECT id FROM subjects WHERE name='РО 11.2 Мобильные приложения'),
    0, 48, 1
),
(
    (SELECT id FROM groups WHERE name='РПО3-1'),
    (SELECT id FROM subjects WHERE name='РО 11.3 Мобильные приложения'),
    0, 48, 1
),
(
    (SELECT id FROM groups WHERE name='РПО3-1'),
    (SELECT id FROM subjects WHERE name='РО 11.4 Мобильные приложения'),
    0, 48, 1
),
(
    (SELECT id FROM groups WHERE name='РПО3-1'),
    (SELECT id FROM subjects WHERE name='РО 11.5 Мобильные приложения'),
    0, 48, 1
),

-- Группа ТК 3-1
(
    (SELECT id FROM groups WHERE name='ТК3-1'),
    (SELECT id FROM subjects WHERE name='Технология хлеба'),
    36, 72, 1
),
(
    (SELECT id FROM groups WHERE name='ТК3-1'),
    (SELECT id FROM subjects WHERE name='Художественное оформление'),
    24, 120, 1
),

-- Группа ТХ 3-1
(
    (SELECT id FROM groups WHERE name='ТХ3-1'),
    (SELECT id FROM subjects WHERE name='Кәсіби орыс тілі'),
    0, 36, 1
),
(
    (SELECT id FROM groups WHERE name='ТХ3-1'),
    (SELECT id FROM subjects WHERE name='Кәсіби шет тілі'),
    0, 36, 1
),
(
    (SELECT id FROM groups WHERE name='ТХ3-1'),
    (SELECT id FROM subjects WHERE name='Нан өндірісі'),
    64, 272, 1
),

-- Группы ОП 3-1, ОП 3-2, ОП 3-3
(
    (SELECT id FROM groups WHERE name='ОП3-1'),
    (SELECT id FROM subjects WHERE name='ПМ 04-07 Технология приготовления'),
    0, 0, 1
),
(
    (SELECT id FROM groups WHERE name='ОП3-2'),
    (SELECT id FROM subjects WHERE name='ПМ 04-07 Технология приготовления'),
    0, 0, 1
),
(
    (SELECT id FROM groups WHERE name='ОП3-3'),
    (SELECT id FROM subjects WHERE name='ПМ 04-07 Технология приготовления'),
    0, 0, 1
),

-- Группа ТП 3-1
(
    (SELECT id FROM groups WHERE name='ТП3-1'),
    (SELECT id FROM subjects WHERE name='Безалкогольные напитки'),
    60, 36, 1
),
(
    (SELECT id FROM groups WHERE name='ТП3-1'),
    (SELECT id FROM subjects WHERE name='Оборудование'),
    60, 0, 1
),

-- Группы БУХ 3-1 (қ), БУХ 3-2 (р)
(
    (SELECT id FROM groups WHERE name='БУХ3-1'),
    (SELECT id FROM subjects WHERE name='Экономикалық талдау'),
    72, 0, 1
),
(
    (SELECT id FROM groups WHERE name='БУХ3-1'),
    (SELECT id FROM subjects WHERE name='Қаржылық есептілікті талдау'),
    60, 0, 1
),
(
    (SELECT id FROM groups WHERE name='БУХ3-1'),
    (SELECT id FROM subjects WHERE name='Дене тәрбиесі'),
    12, 0, 1
),
(
    (SELECT id FROM groups WHERE name='БУХ3-2'),
    (SELECT id FROM subjects WHERE name='Экономикалық талдау'),
    72, 0, 1
),
(
    (SELECT id FROM groups WHERE name='БУХ3-2'),
    (SELECT id FROM subjects WHERE name='Қаржылық есептілікті талдау'),
    60, 0, 1
),
(
    (SELECT id FROM groups WHERE name='БУХ3-2'),
    (SELECT id FROM subjects WHERE name='Дене тәрбиесі'),
    12, 0, 1
),

-- Группа БД 3-1
(
    (SELECT id FROM groups WHERE name='БД3-1'),
    (SELECT id FROM subjects WHERE name='ОН 1.1'),
    12, 72, 1
),
(
    (SELECT id FROM groups WHERE name='БД3-1'),
    (SELECT id FROM subjects WHERE name='ОН 4.1 Банковские операции'),
    120, 0, 1
),
(
    (SELECT id FROM groups WHERE name='БД3-1'),
    (SELECT id FROM subjects WHERE name='ОН 4.2 Страховое дело'),
    48, 0, 1
),

-- Группа БД 3-2
(
    (SELECT id FROM groups WHERE name='БД3-2'),
    (SELECT id FROM subjects WHERE name='РО 1.1'),
    12, 36, 1
),
(
    (SELECT id FROM groups WHERE name='БД3-2'),
    (SELECT id FROM subjects WHERE name='РО 4.1'),
    120, 0, 1
),
(
    (SELECT id FROM groups WHERE name='БД3-2'),
    (SELECT id FROM subjects WHERE name='РО 4.2'),
    48, 0, 1
),

-- =====================================
-- 4 КУРС
-- =====================================

-- Группы РПО 4-1 (қ), 4-2 (р)
(
    (SELECT id FROM groups WHERE name='РПО4-1'),
    (SELECT id FROM subjects WHERE name='РО 2.1 Базы данных'),
    8, 16, 1
),
(
    (SELECT id FROM groups WHERE name='РПО4-1'),
    (SELECT id FROM subjects WHERE name='РО 2.2 Базы данных'),
    0, 24, 1
),
(
    (SELECT id FROM groups WHERE name='РПО4-1'),
    (SELECT id FROM subjects WHERE name='РО 2.3 Базы данных'),
    0, 24, 1
),
(
    (SELECT id FROM groups WHERE name='РПО4-1'),
    (SELECT id FROM subjects WHERE name='РО 3.1 Микроконтроллеры'),
    8, 16, 1
),
(
    (SELECT id FROM groups WHERE name='РПО4-1'),
    (SELECT id FROM subjects WHERE name='РО 3.2 Микроконтроллеры'),
    0, 24, 1
),
(
    (SELECT id FROM groups WHERE name='РПО4-1'),
    (SELECT id FROM subjects WHERE name='РО 3.3 Микроконтроллеры'),
    0, 24, 1
),
(
    (SELECT id FROM groups WHERE name='РПО4-1'),
    (SELECT id FROM subjects WHERE name='РО 4.1 Мобильные приложения'),
    12, 12, 1
),
(
    (SELECT id FROM groups WHERE name='РПО4-1'),
    (SELECT id FROM subjects WHERE name='РО 4.2 Мобильные приложения'),
    0, 24, 1
),
(
    (SELECT id FROM groups WHERE name='РПО4-1'),
    (SELECT id FROM subjects WHERE name='РО 4.3 Мобильные приложения'),
    0, 24, 1
),
(
    (SELECT id FROM groups WHERE name='РПО4-1'),
    (SELECT id FROM subjects WHERE name='РО 5.1 Экономика IT'),
    36, 12, 1
),
(
    (SELECT id FROM groups WHERE name='РПО4-2'),
    (SELECT id FROM subjects WHERE name='РО 2.1 Базы данных'),
    8, 16, 1
),
(
    (SELECT id FROM groups WHERE name='РПО4-2'),
    (SELECT id FROM subjects WHERE name='РО 2.2 Базы данных'),
    0, 24, 1
),
(
    (SELECT id FROM groups WHERE name='РПО4-2'),
    (SELECT id FROM subjects WHERE name='РО 2.3 Базы данных'),
    0, 24, 1
),
(
    (SELECT id FROM groups WHERE name='РПО4-2'),
    (SELECT id FROM subjects WHERE name='РО 3.1 Микроконтроллеры'),
    8, 16, 1
),
(
    (SELECT id FROM groups WHERE name='РПО4-2'),
    (SELECT id FROM subjects WHERE name='РО 3.2 Микроконтроллеры'),
    0, 24, 1
),
(
    (SELECT id FROM groups WHERE name='РПО4-2'),
    (SELECT id FROM subjects WHERE name='РО 3.3 Микроконтроллеры'),
    0, 24, 1
),
(
    (SELECT id FROM groups WHERE name='РПО4-2'),
    (SELECT id FROM subjects WHERE name='РО 4.1 Мобильные приложения'),
    12, 12, 1
),
(
    (SELECT id FROM groups WHERE name='РПО4-2'),
    (SELECT id FROM subjects WHERE name='РО 4.2 Мобильные приложения'),
    0, 24, 1
),
(
    (SELECT id FROM groups WHERE name='РПО4-2'),
    (SELECT id FROM subjects WHERE name='РО 4.3 Мобильные приложения'),
    0, 24, 1
),
(
    (SELECT id FROM groups WHERE name='РПО4-2'),
    (SELECT id FROM subjects WHERE name='РО 5.1 Экономика IT'),
    36, 12, 1
),

-- Группа ОП 4-1
(
    (SELECT id FROM groups WHERE name='ОП4-1'),
    (SELECT id FROM subjects WHERE name='Философия'),
    24, 0, 1
),
(
    (SELECT id FROM groups WHERE name='ОП4-1'),
    (SELECT id FROM subjects WHERE name='Право'),
    24, 0, 1
),
(
    (SELECT id FROM groups WHERE name='ОП4-1'),
    (SELECT id FROM subjects WHERE name='Социология'),
    24, 0, 1
),
(
    (SELECT id FROM groups WHERE name='ОП4-1'),
    (SELECT id FROM subjects WHERE name='Кәсіпорын экономикасы'),
    24, 24, 1
),
(
    (SELECT id FROM groups WHERE name='ОП4-1'),
    (SELECT id FROM subjects WHERE name='Бухгалтерский учет негіздері'),
    24, 12, 1
),
(
    (SELECT id FROM groups WHERE name='ОП4-1'),
    (SELECT id FROM subjects WHERE name='Саудалық есептеулер'),
    24, 0, 1
),

-- Группа ТХ 4-1
(
    (SELECT id FROM groups WHERE name='ТХ4-1'),
    (SELECT id FROM subjects WHERE name='Дене тәрбиесі'),
    0, 24, 1
),
(
    (SELECT id FROM groups WHERE name='ТХ4-1'),
    (SELECT id FROM subjects WHERE name='Нан, макарон технологиясы'),
    0, 48, 1
),
(
    (SELECT id FROM groups WHERE name='ТХ4-1'),
    (SELECT id FROM subjects WHERE name='Өндіріс экономикасы'),
    36, 72, 1
),

-- Группа ТП 4-1
(
    (SELECT id FROM groups WHERE name='ТП4-1'),
    (SELECT id FROM subjects WHERE name='Философия'),
    24, 0, 1
),
(
    (SELECT id FROM groups WHERE name='ТП4-1'),
    (SELECT id FROM subjects WHERE name='Культурология'),
    24, 0, 1
),
(
    (SELECT id FROM groups WHERE name='ТП4-1'),
    (SELECT id FROM subjects WHERE name='Право'),
    24, 0, 1
),
(
    (SELECT id FROM groups WHERE name='ТП4-1'),
    (SELECT id FROM subjects WHERE name='Социология'),
    24, 0, 1
),
(
    (SELECT id FROM groups WHERE name='ТП4-1'),
    (SELECT id FROM subjects WHERE name='Технология спирта'),
    24, 24, 1
),
(
    (SELECT id FROM groups WHERE name='ТП4-1'),
    (SELECT id FROM subjects WHERE name='Технохимический контроль'),
    24, 0, 1
),
(
    (SELECT id FROM groups WHERE name='ТП4-1'),
    (SELECT id FROM subjects WHERE name='Оборудование'),
    12, 0, 1
),
(
    (SELECT id FROM groups WHERE name='ТП4-1'),
    (SELECT id FROM subjects WHERE name='Экономика предприятия'),
    36, 24, 1
);
